
[LENDO] Pasta: C:\Users\artur.nascimento\Desktop\ALL VS CODE\XMLS\XML CORRECT\xmls_ok
[CERT] Certificado carregado: True

[ASSINANDO] 31260217098839000107550010001181481038114591.xml
Erro ao assinar XML: object of type 'cryptography.hazmat.bindings._rust.x509.Certificate' has no len()
[OK] 31260217098839000107550010001181481038114591.xml
[ASSINANDO] 31260217098839000107550010001182051449076446.xml
Erro ao assinar XML: object of type 'cryptography.hazmat.bindings._rust.x509.Certificate' has no len()
[OK] 31260217098839000107550010001182051449076446.xml
[ASSINANDO] 32260350276898000446550050000844031479020605.xml
Erro ao assinar XML: object of type 'cryptography.hazmat.bindings._rust.x509.Certificate' has no len()
[OK] 32260350276898000446550050000844031479020605.xml
[ASSINANDO] 32260350276898000446550050000846941240608573.xml
Erro ao assinar XML: object of type 'cryptography.hazmat.bindings._rust.x509.Certificate' has no len()
[OK] 32260350276898000446550050000846941240608573.xml
[ASSINANDO] 35260202920306000191550010000291861141384724.xml
Erro ao assinar XML: object of type 'cryptography.hazmat.bindings._rust.x509.Certificate' has no len()
[OK] 35260202920306000191550010000291861141384724.xml
[ASSINANDO] 35260203458819000195550000003896301000045911.xml
Erro ao assinar XML: object of type 'cryptography.hazmat.bindings._rust.x509.Certificate' has no len()
[OK] 35260203458819000195550000003896301000045911.xml
[ASSINANDO] 35260250198177000112550010000016491446819239.xml
Erro ao assinar XML: object of type 'cryptography.hazmat.bindings._rust.x509.Certificate' has no len()
[OK] 35260250198177000112550010000016491446819239.xml
[ASSINANDO] 35260303458819000195550000003903891000039595.xml
Erro ao assinar XML: object of type 'cryptography.hazmat.bindings._rust.x509.Certificate' has no len()
[OK] 35260303458819000195550000003903891000039595.xml
[ASSINANDO] 35260303458819000195550000003921381000042315.xml
Erro ao assinar XML: object of type 'cryptography.hazmat.bindings._rust.x509.Certificate' has no len()
[OK] 35260303458819000195550000003921381000042315.xml
[ASSINANDO] 41260325630302001065550010009176001498575334.xml
Erro ao assinar XML: object of type 'cryptography.hazmat.bindings._rust.x509.Certificate' has no len()
[OK] 41260325630302001065550010009176001498575334.xml
[ASSINANDO] 41260325630302001065550010009209281474229362.xml
Erro ao assinar XML: object of type 'cryptography.hazmat.bindings._rust.x509.Certificate' has no len()
[OK] 41260325630302001065550010009209281474229362.xml
[ASSINANDO] 41260378592532000152550010001868111012931321.xml
Erro ao assinar XML: object of type 'cryptography.hazmat.bindings._rust.x509.Certificate' has no len()
[OK] 41260378592532000152550010001868111012931321.xml
[ASSINANDO] 42082031208172815000160000000004072426020635883538.xml
Erro ao assinar XML: object of type 'cryptography.hazmat.bindings._rust.x509.Certificate' has no len()
[OK_CORRIGIDO] 42082031208172815000160000000004072426020635883538.xml
[ASSINANDO] 42082031208172815000160000000004072526020202208773.xml
Erro ao assinar XML: object of type 'cryptography.hazmat.bindings._rust.x509.Certificate' has no len()
[OK_CORRIGIDO] 42082031208172815000160000000004072526020202208773.xml
[ASSINANDO] 42082031208172815000160000000004072626020211241080.xml
Erro ao assinar XML: object of type 'cryptography.hazmat.bindings._rust.x509.Certificate' has no len()
[OK_CORRIGIDO] 42082031208172815000160000000004072626020211241080.xml
[ASSINANDO] 42082031208172815000160000000004072826020418280660.xml
Erro ao assinar XML: object of type 'cryptography.hazmat.bindings._rust.x509.Certificate' has no len()
[OK_CORRIGIDO] 42082031208172815000160000000004072826020418280660.xml
[ASSINANDO] 42082031208172815000160000000004072926020062025528.xml
Erro ao assinar XML: object of type 'cryptography.hazmat.bindings._rust.x509.Certificate' has no len()
[OK_CORRIGIDO] 42082031208172815000160000000004072926020062025528.xml
[ASSINANDO] 42082031208172815000160000000004073026020843946316.xml
Erro ao assinar XML: object of type 'cryptography.hazmat.bindings._rust.x509.Certificate' has no len()
[OK_CORRIGIDO] 42082031208172815000160000000004073026020843946316.xml
[ASSINANDO] 42082031208172815000160000000004073126020961921694.xml
Erro ao assinar XML: object of type 'cryptography.hazmat.bindings._rust.x509.Certificate' has no len()
[OK_CORRIGIDO] 42082031208172815000160000000004073126020961921694.xml
[ASSINANDO] 42082031208172815000160000000004073226020543377445.xml
Erro ao assinar XML: object of type 'cryptography.hazmat.bindings._rust.x509.Certificate' has no len()
[OK_CORRIGIDO] 42082031208172815000160000000004073226020543377445.xml
[ASSINANDO] 42082031208172815000160000000004073326020865936187.xml
Erro ao assinar XML: object of type 'cryptography.hazmat.bindings._rust.x509.Certificate' has no len()
[OK_CORRIGIDO] 42082031208172815000160000000004073326020865936187.xml
[ASSINANDO] 42082031208172815000160000000004073426020607702632.xml
Erro ao assinar XML: object of type 'cryptography.hazmat.bindings._rust.x509.Certificate' has no len()
[OK_CORRIGIDO] 42082031208172815000160000000004073426020607702632.xml
[ASSINANDO] 42082031208172815000160000000004073526020616081355.xml
Erro ao assinar XML: object of type 'cryptography.hazmat.bindings._rust.x509.Certificate' has no len()
[OK_CORRIGIDO] 42082031208172815000160000000004073526020616081355.xml
[ASSINANDO] 42082031208172815000160000000004073626020889182582.xml
Erro ao assinar XML: object of type 'cryptography.hazmat.bindings._rust.x509.Certificate' has no len()
[OK_CORRIGIDO] 42082031208172815000160000000004073626020889182582.xml
[ASSINANDO] 42082031208172815000160000000004073726020537149159.xml
Erro ao assinar XML: object of type 'cryptography.hazmat.bindings._rust.x509.Certificate' has no len()
[OK_CORRIGIDO] 42082031208172815000160000000004073726020537149159.xml
[ASSINANDO] 42082031208172815000160000000004073826020333787010.xml
Erro ao assinar XML: object of type 'cryptography.hazmat.bindings._rust.x509.Certificate' has no len()
[OK_CORRIGIDO] 42082031208172815000160000000004073826020333787010.xml
[ASSINANDO] 42082031208172815000160000000004073926020951956443.xml
Erro ao assinar XML: object of type 'cryptography.hazmat.bindings._rust.x509.Certificate' has no len()
[OK_CORRIGIDO] 42082031208172815000160000000004073926020951956443.xml
[ASSINANDO] 42082031208172815000160000000004074026020496978498.xml
Erro ao assinar XML: object of type 'cryptography.hazmat.bindings._rust.x509.Certificate' has no len()
[OK_CORRIGIDO] 42082031208172815000160000000004074026020496978498.xml
[ASSINANDO] 42082031208172815000160000000004074126020817314398.xml
Erro ao assinar XML: object of type 'cryptography.hazmat.bindings._rust.x509.Certificate' has no len()
[OK_CORRIGIDO] 42082031208172815000160000000004074126020817314398.xml
[ASSINANDO] 42082031208172815000160000000004074226020239438580.xml
Erro ao assinar XML: object of type 'cryptography.hazmat.bindings._rust.x509.Certificate' has no len()
[OK_CORRIGIDO] 42082031208172815000160000000004074226020239438580.xml
[ASSINANDO] 42082031208172815000160000000004074326020459229941.xml
Erro ao assinar XML: object of type 'cryptography.hazmat.bindings._rust.x509.Certificate' has no len()
[OK_CORRIGIDO] 42082031208172815000160000000004074326020459229941.xml
[ASSINANDO] 42082031208172815000160000000004074426020613367869.xml
Erro ao assinar XML: object of type 'cryptography.hazmat.bindings._rust.x509.Certificate' has no len()
[OK_CORRIGIDO] 42082031208172815000160000000004074426020613367869.xml
[ASSINANDO] 42082031208172815000160000000004074526020033811139.xml
Erro ao assinar XML: object of type 'cryptography.hazmat.bindings._rust.x509.Certificate' has no len()
[OK_CORRIGIDO] 42082031208172815000160000000004074526020033811139.xml
[ASSINANDO] 42082031208172815000160000000004074726020344103605.xml
Erro ao assinar XML: object of type 'cryptography.hazmat.bindings._rust.x509.Certificate' has no len()
[OK_CORRIGIDO] 42082031208172815000160000000004074726020344103605.xml
[ASSINANDO] 42082031208172815000160000000004074826020684606259.xml
Erro ao assinar XML: object of type 'cryptography.hazmat.bindings._rust.x509.Certificate' has no len()
[OK_CORRIGIDO] 42082031208172815000160000000004074826020684606259.xml
[ASSINANDO] 42082031208172815000160000000004074926020245020539.xml
Erro ao assinar XML: object of type 'cryptography.hazmat.bindings._rust.x509.Certificate' has no len()
[OK_CORRIGIDO] 42082031208172815000160000000004074926020245020539.xml
[ASSINANDO] 42082031208172815000160000000004075126020230476993.xml
Erro ao assinar XML: object of type 'cryptography.hazmat.bindings._rust.x509.Certificate' has no len()
[OK_CORRIGIDO] 42082031208172815000160000000004075126020230476993.xml
[ASSINANDO] 42082031208172815000160000000004075226020917691750.xml
Erro ao assinar XML: object of type 'cryptography.hazmat.bindings._rust.x509.Certificate' has no len()
[OK_CORRIGIDO] 42082031208172815000160000000004075226020917691750.xml
[ASSINANDO] 42082031208172815000160000000004075326020676346388.xml
Erro ao assinar XML: object of type 'cryptography.hazmat.bindings._rust.x509.Certificate' has no len()
[OK_CORRIGIDO] 42082031208172815000160000000004075326020676346388.xml
[ASSINANDO] 42082031208172815000160000000004075426020404639915.xml
Erro ao assinar XML: object of type 'cryptography.hazmat.bindings._rust.x509.Certificate' has no len()
[OK_CORRIGIDO] 42082031208172815000160000000004075426020404639915.xml
[ASSINANDO] 42082031208172815000160000000004075526020107074909.xml
Erro ao assinar XML: object of type 'cryptography.hazmat.bindings._rust.x509.Certificate' has no len()
[OK_CORRIGIDO] 42082031208172815000160000000004075526020107074909.xml
[ASSINANDO] 42082031208172815000160000000004075626020127120551.xml
Erro ao assinar XML: object of type 'cryptography.hazmat.bindings._rust.x509.Certificate' has no len()
[OK_CORRIGIDO] 42082031208172815000160000000004075626020127120551.xml
[ASSINANDO] 42082031208172815000160000000004075726020690581903.xml
Erro ao assinar XML: object of type 'cryptography.hazmat.bindings._rust.x509.Certificate' has no len()
[OK_CORRIGIDO] 42082031208172815000160000000004075726020690581903.xml
[ASSINANDO] 42082031208172815000160000000004075826020611350680.xml
Erro ao assinar XML: object of type 'cryptography.hazmat.bindings._rust.x509.Certificate' has no len()
[OK_CORRIGIDO] 42082031208172815000160000000004075826020611350680.xml
[ASSINANDO] 42082031208172815000160000000004075926020390088621.xml
Erro ao assinar XML: object of type 'cryptography.hazmat.bindings._rust.x509.Certificate' has no len()
[OK_CORRIGIDO] 42082031208172815000160000000004075926020390088621.xml
[ASSINANDO] 42082031208172815000160000000004076026020893875828.xml
Erro ao assinar XML: object of type 'cryptography.hazmat.bindings._rust.x509.Certificate' has no len()
[OK_CORRIGIDO] 42082031208172815000160000000004076026020893875828.xml
[ASSINANDO] 42082031208172815000160000000004076126020062232800.xml
Erro ao assinar XML: object of type 'cryptography.hazmat.bindings._rust.x509.Certificate' has no len()
[OK_CORRIGIDO] 42082031208172815000160000000004076126020062232800.xml
[ASSINANDO] 42082031208172815000160000000004076226020476058957.xml
Erro ao assinar XML: object of type 'cryptography.hazmat.bindings._rust.x509.Certificate' has no len()
[OK_CORRIGIDO] 42082031208172815000160000000004076226020476058957.xml
[ASSINANDO] 42082031208172815000160000000004076326020436592441.xml
Erro ao assinar XML: object of type 'cryptography.hazmat.bindings._rust.x509.Certificate' has no len()
[OK_CORRIGIDO] 42082031208172815000160000000004076326020436592441.xml
[ASSINANDO] 42082031208172815000160000000004076426020411100883.xml
Erro ao assinar XML: object of type 'cryptography.hazmat.bindings._rust.x509.Certificate' has no len()
[OK_CORRIGIDO] 42082031208172815000160000000004076426020411100883.xml
[ASSINANDO] 42082031208172815000160000000004076526020478661465.xml
Erro ao assinar XML: object of type 'cryptography.hazmat.bindings._rust.x509.Certificate' has no len()
[OK_CORRIGIDO] 42082031208172815000160000000004076526020478661465.xml
[ASSINANDO] 42082031208172815000160000000004076626020716004630.xml
Erro ao assinar XML: object of type 'cryptography.hazmat.bindings._rust.x509.Certificate' has no len()
[OK_CORRIGIDO] 42082031208172815000160000000004076626020716004630.xml
[ASSINANDO] 42082031208172815000160000000004076726020880268222.xml
Erro ao assinar XML: object of type 'cryptography.hazmat.bindings._rust.x509.Certificate' has no len()
[OK_CORRIGIDO] 42082031208172815000160000000004076726020880268222.xml
[ASSINANDO] 42082031208172815000160000000004076826020372025124.xml
Erro ao assinar XML: object of type 'cryptography.hazmat.bindings._rust.x509.Certificate' has no len()
[OK_CORRIGIDO] 42082031208172815000160000000004076826020372025124.xml
[ASSINANDO] 42082031208172815000160000000004076926020947322859.xml
Erro ao assinar XML: object of type 'cryptography.hazmat.bindings._rust.x509.Certificate' has no len()
[OK_CORRIGIDO] 42082031208172815000160000000004076926020947322859.xml
[ASSINANDO] 42082031208172815000160000000004077026020012680655.xml
Erro ao assinar XML: object of type 'cryptography.hazmat.bindings._rust.x509.Certificate' has no len()
[OK_CORRIGIDO] 42082031208172815000160000000004077026020012680655.xml
[ASSINANDO] 42082031208172815000160000000004077126020762463816.xml
Erro ao assinar XML: object of type 'cryptography.hazmat.bindings._rust.x509.Certificate' has no len()
[OK_CORRIGIDO] 42082031208172815000160000000004077126020762463816.xml
[ASSINANDO] 42082031208172815000160000000004077326020362007195.xml
Erro ao assinar XML: object of type 'cryptography.hazmat.bindings._rust.x509.Certificate' has no len()
[OK_CORRIGIDO] 42082031208172815000160000000004077326020362007195.xml
[ASSINANDO] 42082031208172815000160000000004077426020130798979.xml
Erro ao assinar XML: object of type 'cryptography.hazmat.bindings._rust.x509.Certificate' has no len()
[OK_CORRIGIDO] 42082031208172815000160000000004077426020130798979.xml
[ASSINANDO] 42082031208172815000160000000004077526020185075212.xml
Erro ao assinar XML: object of type 'cryptography.hazmat.bindings._rust.x509.Certificate' has no len()
[OK_CORRIGIDO] 42082031208172815000160000000004077526020185075212.xml
[ASSINANDO] 42082031208172815000160000000004077626020569324123.xml
Erro ao assinar XML: object of type 'cryptography.hazmat.bindings._rust.x509.Certificate' has no len()
[OK_CORRIGIDO] 42082031208172815000160000000004077626020569324123.xml
[ASSINANDO] 42082031208172815000160000000004077726020095491265.xml
Erro ao assinar XML: object of type 'cryptography.hazmat.bindings._rust.x509.Certificate' has no len()
[OK_CORRIGIDO] 42082031208172815000160000000004077726020095491265.xml
[ASSINANDO] 42082031208172815000160000000004077826020580193452.xml
Erro ao assinar XML: object of type 'cryptography.hazmat.bindings._rust.x509.Certificate' has no len()
[OK_CORRIGIDO] 42082031208172815000160000000004077826020580193452.xml
[ASSINANDO] 42082031208172815000160000000004077926020407283708.xml
Erro ao assinar XML: object of type 'cryptography.hazmat.bindings._rust.x509.Certificate' has no len()
[OK_CORRIGIDO] 42082031208172815000160000000004077926020407283708.xml
[ASSINANDO] 42082031208172815000160000000004078026020446038492.xml
Erro ao assinar XML: object of type 'cryptography.hazmat.bindings._rust.x509.Certificate' has no len()
[OK_CORRIGIDO] 42082031208172815000160000000004078026020446038492.xml
[ASSINANDO] 42082031208172815000160000000004078126020229182300.xml
Erro ao assinar XML: object of type 'cryptography.hazmat.bindings._rust.x509.Certificate' has no len()
[OK_CORRIGIDO] 42082031208172815000160000000004078126020229182300.xml
[ASSINANDO] 42082031208172815000160000000004078226020017077710.xml
Erro ao assinar XML: object of type 'cryptography.hazmat.bindings._rust.x509.Certificate' has no len()
[OK_CORRIGIDO] 42082031208172815000160000000004078226020017077710.xml
[ASSINANDO] 42082031208172815000160000000004078326020958671497.xml
Erro ao assinar XML: object of type 'cryptography.hazmat.bindings._rust.x509.Certificate' has no len()
[OK_CORRIGIDO] 42082031208172815000160000000004078326020958671497.xml
[ASSINANDO] 42082031208172815000160000000004078426020853514506.xml
Erro ao assinar XML: object of type 'cryptography.hazmat.bindings._rust.x509.Certificate' has no len()
[OK_CORRIGIDO] 42082031208172815000160000000004078426020853514506.xml
[ASSINANDO] 42082031208172815000160000000004078526020060420642.xml
Erro ao assinar XML: object of type 'cryptography.hazmat.bindings._rust.x509.Certificate' has no len()
[OK_CORRIGIDO] 42082031208172815000160000000004078526020060420642.xml
[ASSINANDO] 42082031208172815000160000000004078626020167009030.xml
Erro ao assinar XML: object of type 'cryptography.hazmat.bindings._rust.x509.Certificate' has no len()
[OK_CORRIGIDO] 42082031208172815000160000000004078626020167009030.xml
[ASSINANDO] 42082031208172815000160000000004078726020300846816.xml
Erro ao assinar XML: object of type 'cryptography.hazmat.bindings._rust.x509.Certificate' has no len()
[OK_CORRIGIDO] 42082031208172815000160000000004078726020300846816.xml
[ASSINANDO] 42082031208172815000160000000004078826020919247289.xml
Erro ao assinar XML: object of type 'cryptography.hazmat.bindings._rust.x509.Certificate' has no len()
[OK_CORRIGIDO] 42082031208172815000160000000004078826020919247289.xml
[ASSINANDO] 42082031208172815000160000000004078926020892587010.xml
Erro ao assinar XML: object of type 'cryptography.hazmat.bindings._rust.x509.Certificate' has no len()
[OK_CORRIGIDO] 42082031208172815000160000000004078926020892587010.xml
[ASSINANDO] 42082031208172815000160000000004079026020800709440.xml
Erro ao assinar XML: object of type 'cryptography.hazmat.bindings._rust.x509.Certificate' has no len()
[OK_CORRIGIDO] 42082031208172815000160000000004079026020800709440.xml
[ASSINANDO] 42082031208172815000160000000004079126020996824713.xml
Erro ao assinar XML: object of type 'cryptography.hazmat.bindings._rust.x509.Certificate' has no len()
[OK_CORRIGIDO] 42082031208172815000160000000004079126020996824713.xml
[ASSINANDO] 42082031208172815000160000000004079226020815148889.xml
Erro ao assinar XML: object of type 'cryptography.hazmat.bindings._rust.x509.Certificate' has no len()
[OK_CORRIGIDO] 42082031208172815000160000000004079226020815148889.xml
[ASSINANDO] 42082031208172815000160000000004079326020248568910.xml
Erro ao assinar XML: object of type 'cryptography.hazmat.bindings._rust.x509.Certificate' has no len()
[OK_CORRIGIDO] 42082031208172815000160000000004079326020248568910.xml
[ASSINANDO] 42082031208172815000160000000004079426020045562589.xml
Erro ao assinar XML: object of type 'cryptography.hazmat.bindings._rust.x509.Certificate' has no len()
[OK_CORRIGIDO] 42082031208172815000160000000004079426020045562589.xml
[ASSINANDO] 42082031208172815000160000000004079526020237394319.xml
Erro ao assinar XML: object of type 'cryptography.hazmat.bindings._rust.x509.Certificate' has no len()
[OK_CORRIGIDO] 42082031208172815000160000000004079526020237394319.xml
[ASSINANDO] 42082031208172815000160000000004079626020848495736.xml
Erro ao assinar XML: object of type 'cryptography.hazmat.bindings._rust.x509.Certificate' has no len()
[OK_CORRIGIDO] 42082031208172815000160000000004079626020848495736.xml
[ASSINANDO] 42082031208172815000160000000004079726020232429472.xml
Erro ao assinar XML: object of type 'cryptography.hazmat.bindings._rust.x509.Certificate' has no len()
[OK_CORRIGIDO] 42082031208172815000160000000004079726020232429472.xml
[ASSINANDO] 42082031208172815000160000000004079826020059609218.xml
Erro ao assinar XML: object of type 'cryptography.hazmat.bindings._rust.x509.Certificate' has no len()
[OK_CORRIGIDO] 42082031208172815000160000000004079826020059609218.xml
[ASSINANDO] 42082031208172815000160000000004079926020996729078.xml
Erro ao assinar XML: object of type 'cryptography.hazmat.bindings._rust.x509.Certificate' has no len()
[OK_CORRIGIDO] 42082031208172815000160000000004079926020996729078.xml
[ASSINANDO] 42082031208172815000160000000004080026020615906259.xml
Erro ao assinar XML: object of type 'cryptography.hazmat.bindings._rust.x509.Certificate' has no len()
[OK_CORRIGIDO] 42082031208172815000160000000004080026020615906259.xml
[ASSINANDO] 42082031208172815000160000000004080126020123867270.xml
Erro ao assinar XML: object of type 'cryptography.hazmat.bindings._rust.x509.Certificate' has no len()
[OK_CORRIGIDO] 42082031208172815000160000000004080126020123867270.xml
[ASSINANDO] 42082031208172815000160000000004080226020389674779.xml
Erro ao assinar XML: object of type 'cryptography.hazmat.bindings._rust.x509.Certificate' has no len()
[OK_CORRIGIDO] 42082031208172815000160000000004080226020389674779.xml
[ASSINANDO] 42082031208172815000160000000004080326020199479839.xml
Erro ao assinar XML: object of type 'cryptography.hazmat.bindings._rust.x509.Certificate' has no len()
[OK_CORRIGIDO] 42082031208172815000160000000004080326020199479839.xml
[ASSINANDO] 42082031208172815000160000000004080426020933918700.xml
Erro ao assinar XML: object of type 'cryptography.hazmat.bindings._rust.x509.Certificate' has no len()
[OK_CORRIGIDO] 42082031208172815000160000000004080426020933918700.xml
[ASSINANDO] 42082031208172815000160000000004080526020962220710.xml
Erro ao assinar XML: object of type 'cryptography.hazmat.bindings._rust.x509.Certificate' has no len()
[OK_CORRIGIDO] 42082031208172815000160000000004080526020962220710.xml
[ASSINANDO] 42082031208172815000160000000004080626020358226159.xml
Erro ao assinar XML: object of type 'cryptography.hazmat.bindings._rust.x509.Certificate' has no len()
[OK_CORRIGIDO] 42082031208172815000160000000004080626020358226159.xml
[ASSINANDO] 42082031208172815000160000000004080726020585010932.xml
Erro ao assinar XML: object of type 'cryptography.hazmat.bindings._rust.x509.Certificate' has no len()
[OK_CORRIGIDO] 42082031208172815000160000000004080726020585010932.xml
[ASSINANDO] 42082031208172815000160000000004080826020619130670.xml
Erro ao assinar XML: object of type 'cryptography.hazmat.bindings._rust.x509.Certificate' has no len()
[OK_CORRIGIDO] 42082031208172815000160000000004080826020619130670.xml
[ASSINANDO] 42082031208172815000160000000004080926020484749344.xml
Erro ao assinar XML: object of type 'cryptography.hazmat.bindings._rust.x509.Certificate' has no len()
[OK_CORRIGIDO] 42082031208172815000160000000004080926020484749344.xml
[ASSINANDO] 42082031208172815000160000000004081026020194915209.xml
Erro ao assinar XML: object of type 'cryptography.hazmat.bindings._rust.x509.Certificate' has no len()
[OK_CORRIGIDO] 42082031208172815000160000000004081026020194915209.xml
[ASSINANDO] 42082031208172815000160000000004081226020471905730.xml
Erro ao assinar XML: object of type 'cryptography.hazmat.bindings._rust.x509.Certificate' has no len()
[OK_CORRIGIDO] 42082031208172815000160000000004081226020471905730.xml
[ASSINANDO] 42082031208172815000160000000004081326020721325870.xml
Erro ao assinar XML: object of type 'cryptography.hazmat.bindings._rust.x509.Certificate' has no len()
[OK_CORRIGIDO] 42082031208172815000160000000004081326020721325870.xml
[ASSINANDO] 42082031208172815000160000000004081426020219961114.xml
Erro ao assinar XML: object of type 'cryptography.hazmat.bindings._rust.x509.Certificate' has no len()
[OK_CORRIGIDO] 42082031208172815000160000000004081426020219961114.xml
[ASSINANDO] 42082031208172815000160000000004081526020665717655.xml
Erro ao assinar XML: object of type 'cryptography.hazmat.bindings._rust.x509.Certificate' has no len()
[OK_CORRIGIDO] 42082031208172815000160000000004081526020665717655.xml
[ASSINANDO] 42082031208172815000160000000004081626020240181936.xml
Erro ao assinar XML: object of type 'cryptography.hazmat.bindings._rust.x509.Certificate' has no len()
[OK_CORRIGIDO] 42082031208172815000160000000004081626020240181936.xml
[ASSINANDO] 42082031208172815000160000000004081726020775547590.xml
Erro ao assinar XML: object of type 'cryptography.hazmat.bindings._rust.x509.Certificate' has no len()
[OK_CORRIGIDO] 42082031208172815000160000000004081726020775547590.xml
[ASSINANDO] 42082031208172815000160000000004081826020377078240.xml
Erro ao assinar XML: object of type 'cryptography.hazmat.bindings._rust.x509.Certificate' has no len()
[OK_CORRIGIDO] 42082031208172815000160000000004081826020377078240.xml
[ASSINANDO] 42082031208172815000160000000004081926020781249136.xml
Erro ao assinar XML: object of type 'cryptography.hazmat.bindings._rust.x509.Certificate' has no len()
[OK_CORRIGIDO] 42082031208172815000160000000004081926020781249136.xml
[ASSINANDO] 42082031208172815000160000000004082026020158178561.xml
Erro ao assinar XML: object of type 'cryptography.hazmat.bindings._rust.x509.Certificate' has no len()
[OK_CORRIGIDO] 42082031208172815000160000000004082026020158178561.xml
[ASSINANDO] 42082031208172815000160000000004082126020910996904.xml
Erro ao assinar XML: object of type 'cryptography.hazmat.bindings._rust.x509.Certificate' has no len()
[OK_CORRIGIDO] 42082031208172815000160000000004082126020910996904.xml
[ASSINANDO] 42082031208172815000160000000004082226020252587183.xml
Erro ao assinar XML: object of type 'cryptography.hazmat.bindings._rust.x509.Certificate' has no len()
[OK_CORRIGIDO] 42082031208172815000160000000004082226020252587183.xml
[ASSINANDO] 42082031208172815000160000000004082326020293288001.xml
Erro ao assinar XML: object of type 'cryptography.hazmat.bindings._rust.x509.Certificate' has no len()
[OK_CORRIGIDO] 42082031208172815000160000000004082326020293288001.xml
[ASSINANDO] 42082031208172815000160000000004082426020243260026.xml
Erro ao assinar XML: object of type 'cryptography.hazmat.bindings._rust.x509.Certificate' has no len()
[OK_CORRIGIDO] 42082031208172815000160000000004082426020243260026.xml
[ASSINANDO] 42082031208172815000160000000004082526020081113736.xml
Erro ao assinar XML: object of type 'cryptography.hazmat.bindings._rust.x509.Certificate' has no len()
[OK_CORRIGIDO] 42082031208172815000160000000004082526020081113736.xml
[ASSINANDO] 42082031208172815000160000000004082626020610735771.xml
Erro ao assinar XML: object of type 'cryptography.hazmat.bindings._rust.x509.Certificate' has no len()
[OK_CORRIGIDO] 42082031208172815000160000000004082626020610735771.xml
[ASSINANDO] 42082031208172815000160000000004082726020397229944.xml
Erro ao assinar XML: object of type 'cryptography.hazmat.bindings._rust.x509.Certificate' has no len()
[OK_CORRIGIDO] 42082031208172815000160000000004082726020397229944.xml
[ASSINANDO] 42082031208172815000160000000004082826020940432648.xml
Erro ao assinar XML: object of type 'cryptography.hazmat.bindings._rust.x509.Certificate' has no len()
[OK_CORRIGIDO] 42082031208172815000160000000004082826020940432648.xml
[ASSINANDO] 42082031208172815000160000000004082926020289169674.xml
Erro ao assinar XML: object of type 'cryptography.hazmat.bindings._rust.x509.Certificate' has no len()
[OK_CORRIGIDO] 42082031208172815000160000000004082926020289169674.xml
[ASSINANDO] 42082031208172815000160000000004083026020471002720.xml
Erro ao assinar XML: object of type 'cryptography.hazmat.bindings._rust.x509.Certificate' has no len()
[OK_CORRIGIDO] 42082031208172815000160000000004083026020471002720.xml
[ASSINANDO] 42082031208172815000160000000004083126020574793848.xml
Erro ao assinar XML: object of type 'cryptography.hazmat.bindings._rust.x509.Certificate' has no len()
[OK_CORRIGIDO] 42082031208172815000160000000004083126020574793848.xml
[ASSINANDO] 42082031208172815000160000000004083226020675366388.xml
Erro ao assinar XML: object of type 'cryptography.hazmat.bindings._rust.x509.Certificate' has no len()
[OK_CORRIGIDO] 42082031208172815000160000000004083226020675366388.xml
[ASSINANDO] 42082031208172815000160000000004083326020281603600.xml
Erro ao assinar XML: object of type 'cryptography.hazmat.bindings._rust.x509.Certificate' has no len()
[OK_CORRIGIDO] 42082031208172815000160000000004083326020281603600.xml
[ASSINANDO] 42082031208172815000160000000004083426020858785085.xml
Erro ao assinar XML: object of type 'cryptography.hazmat.bindings._rust.x509.Certificate' has no len()
[OK_CORRIGIDO] 42082031208172815000160000000004083426020858785085.xml
[ASSINANDO] 42082031208172815000160000000004083726020432672511.xml
Erro ao assinar XML: object of type 'cryptography.hazmat.bindings._rust.x509.Certificate' has no len()
[OK_CORRIGIDO] 42082031208172815000160000000004083726020432672511.xml
[ASSINANDO] 42082031208172815000160000000004083826020763075794.xml
Erro ao assinar XML: object of type 'cryptography.hazmat.bindings._rust.x509.Certificate' has no len()
[OK_CORRIGIDO] 42082031208172815000160000000004083826020763075794.xml
[ASSINANDO] 42082031208172815000160000000004083926020329808187.xml
Erro ao assinar XML: object of type 'cryptography.hazmat.bindings._rust.x509.Certificate' has no len()
[OK_CORRIGIDO] 42082031208172815000160000000004083926020329808187.xml
[ASSINANDO] 42082031208172815000160000000004084026020663810410.xml
Erro ao assinar XML: object of type 'cryptography.hazmat.bindings._rust.x509.Certificate' has no len()
[OK_CORRIGIDO] 42082031208172815000160000000004084026020663810410.xml
[ASSINANDO] 42082031208172815000160000000004084126020690442706.xml
Erro ao assinar XML: object of type 'cryptography.hazmat.bindings._rust.x509.Certificate' has no len()
[OK_CORRIGIDO] 42082031208172815000160000000004084126020690442706.xml
[ASSINANDO] 42082031208172815000160000000004084226020453636691.xml
Erro ao assinar XML: object of type 'cryptography.hazmat.bindings._rust.x509.Certificate' has no len()
[OK_CORRIGIDO] 42082031208172815000160000000004084226020453636691.xml
[ASSINANDO] 42082031208172815000160000000004084326020382645271.xml
Erro ao assinar XML: object of type 'cryptography.hazmat.bindings._rust.x509.Certificate' has no len()
[OK_CORRIGIDO] 42082031208172815000160000000004084326020382645271.xml
[ASSINANDO] 42082031208172815000160000000004084426020579763070.xml
Erro ao assinar XML: object of type 'cryptography.hazmat.bindings._rust.x509.Certificate' has no len()
[OK_CORRIGIDO] 42082031208172815000160000000004084426020579763070.xml
[ASSINANDO] 42082031208172815000160000000004084526020157353967.xml
Erro ao assinar XML: object of type 'cryptography.hazmat.bindings._rust.x509.Certificate' has no len()
[OK_CORRIGIDO] 42082031208172815000160000000004084526020157353967.xml
[ASSINANDO] 42082031208172815000160000000004084626020085481160.xml
Erro ao assinar XML: object of type 'cryptography.hazmat.bindings._rust.x509.Certificate' has no len()
[OK_CORRIGIDO] 42082031208172815000160000000004084626020085481160.xml
[ASSINANDO] 42082031208172815000160000000004084726020651782935.xml
Erro ao assinar XML: object of type 'cryptography.hazmat.bindings._rust.x509.Certificate' has no len()
[OK_CORRIGIDO] 42082031208172815000160000000004084726020651782935.xml
[ASSINANDO] 42082031208172815000160000000004084826020034050436.xml
Erro ao assinar XML: object of type 'cryptography.hazmat.bindings._rust.x509.Certificate' has no len()
[OK_CORRIGIDO] 42082031208172815000160000000004084826020034050436.xml
[ASSINANDO] 42082031208172815000160000000004084926020592619422.xml
Erro ao assinar XML: object of type 'cryptography.hazmat.bindings._rust.x509.Certificate' has no len()
[OK_CORRIGIDO] 42082031208172815000160000000004084926020592619422.xml
[ASSINANDO] 42082031208172815000160000000004085026020841209893.xml
Erro ao assinar XML: object of type 'cryptography.hazmat.bindings._rust.x509.Certificate' has no len()
[OK_CORRIGIDO] 42082031208172815000160000000004085026020841209893.xml
[ASSINANDO] 42082031208172815000160000000004085126020116779887.xml
Erro ao assinar XML: object of type 'cryptography.hazmat.bindings._rust.x509.Certificate' has no len()
[OK_CORRIGIDO] 42082031208172815000160000000004085126020116779887.xml
[ASSINANDO] 42082031208172815000160000000004085226020538086788.xml
Erro ao assinar XML: object of type 'cryptography.hazmat.bindings._rust.x509.Certificate' has no len()
[OK_CORRIGIDO] 42082031208172815000160000000004085226020538086788.xml
[ASSINANDO] 42082031208172815000160000000004085326020610417335.xml
Erro ao assinar XML: object of type 'cryptography.hazmat.bindings._rust.x509.Certificate' has no len()
[OK_CORRIGIDO] 42082031208172815000160000000004085326020610417335.xml
[ASSINANDO] 42082031208172815000160000000004085426020377115215.xml
Erro ao assinar XML: object of type 'cryptography.hazmat.bindings._rust.x509.Certificate' has no len()
[OK_CORRIGIDO] 42082031208172815000160000000004085426020377115215.xml
[ASSINANDO] 42082031208172815000160000000004085526020442335940.xml
Erro ao assinar XML: object of type 'cryptography.hazmat.bindings._rust.x509.Certificate' has no len()
[OK_CORRIGIDO] 42082031208172815000160000000004085526020442335940.xml
[ASSINANDO] 42082031208172815000160000000004085626020984124044.xml
Erro ao assinar XML: object of type 'cryptography.hazmat.bindings._rust.x509.Certificate' has no len()
[OK_CORRIGIDO] 42082031208172815000160000000004085626020984124044.xml
[ASSINANDO] 42082031208172815000160000000004085726020959724339.xml
Erro ao assinar XML: object of type 'cryptography.hazmat.bindings._rust.x509.Certificate' has no len()
[OK_CORRIGIDO] 42082031208172815000160000000004085726020959724339.xml
[ASSINANDO] 42082031208172815000160000000004085826020897306290.xml
Erro ao assinar XML: object of type 'cryptography.hazmat.bindings._rust.x509.Certificate' has no len()
[OK_CORRIGIDO] 42082031208172815000160000000004085826020897306290.xml
[ASSINANDO] 42082031208172815000160000000004085926020543732981.xml
Erro ao assinar XML: object of type 'cryptography.hazmat.bindings._rust.x509.Certificate' has no len()
[OK_CORRIGIDO] 42082031208172815000160000000004085926020543732981.xml
[ASSINANDO] 42082031208172815000160000000004086026020309517328.xml
Erro ao assinar XML: object of type 'cryptography.hazmat.bindings._rust.x509.Certificate' has no len()
[OK_CORRIGIDO] 42082031208172815000160000000004086026020309517328.xml
[ASSINANDO] 42082031208172815000160000000004086126020669462227.xml
Erro ao assinar XML: object of type 'cryptography.hazmat.bindings._rust.x509.Certificate' has no len()
[OK_CORRIGIDO] 42082031208172815000160000000004086126020669462227.xml
[ASSINANDO] 42082031208172815000160000000004086226020656201016.xml
Erro ao assinar XML: object of type 'cryptography.hazmat.bindings._rust.x509.Certificate' has no len()
[OK_CORRIGIDO] 42082031208172815000160000000004086226020656201016.xml
[ASSINANDO] 42082031208172815000160000000004086326020990124168.xml
Erro ao assinar XML: object of type 'cryptography.hazmat.bindings._rust.x509.Certificate' has no len()
[OK_CORRIGIDO] 42082031208172815000160000000004086326020990124168.xml
[ASSINANDO] 42082031208172815000160000000004086426020334131912.xml
Erro ao assinar XML: object of type 'cryptography.hazmat.bindings._rust.x509.Certificate' has no len()
[OK_CORRIGIDO] 42082031208172815000160000000004086426020334131912.xml
[ASSINANDO] 42082031208172815000160000000004086526020129262338.xml
Erro ao assinar XML: object of type 'cryptography.hazmat.bindings._rust.x509.Certificate' has no len()
[OK_CORRIGIDO] 42082031208172815000160000000004086526020129262338.xml
[ASSINANDO] 42082031208172815000160000000004086626020202512339.xml
Erro ao assinar XML: object of type 'cryptography.hazmat.bindings._rust.x509.Certificate' has no len()
[OK_CORRIGIDO] 42082031208172815000160000000004086626020202512339.xml
[ASSINANDO] 42082031208172815000160000000004086826020228783868.xml
Erro ao assinar XML: object of type 'cryptography.hazmat.bindings._rust.x509.Certificate' has no len()
[OK_CORRIGIDO] 42082031208172815000160000000004086826020228783868.xml
[ASSINANDO] 42082031208172815000160000000004086926020864644044.xml
Erro ao assinar XML: object of type 'cryptography.hazmat.bindings._rust.x509.Certificate' has no len()
[OK_CORRIGIDO] 42082031208172815000160000000004086926020864644044.xml
[ASSINANDO] 42082031208172815000160000000004087026020943469180.xml
Erro ao assinar XML: object of type 'cryptography.hazmat.bindings._rust.x509.Certificate' has no len()
[OK_CORRIGIDO] 42082031208172815000160000000004087026020943469180.xml
[ASSINANDO] 42082031208172815000160000000004087126020608811356.xml
Erro ao assinar XML: object of type 'cryptography.hazmat.bindings._rust.x509.Certificate' has no len()
[OK_CORRIGIDO] 42082031208172815000160000000004087126020608811356.xml
[ASSINANDO] 42082031208172815000160000000004087226020325198169.xml
Erro ao assinar XML: object of type 'cryptography.hazmat.bindings._rust.x509.Certificate' has no len()
[OK_CORRIGIDO] 42082031208172815000160000000004087226020325198169.xml
[ASSINANDO] 42082031208172815000160000000004087326020745672673.xml
Erro ao assinar XML: object of type 'cryptography.hazmat.bindings._rust.x509.Certificate' has no len()
[OK_CORRIGIDO] 42082031208172815000160000000004087326020745672673.xml
[ASSINANDO] 42082031208172815000160000000004087426020591475362.xml
Erro ao assinar XML: object of type 'cryptography.hazmat.bindings._rust.x509.Certificate' has no len()
[OK_CORRIGIDO] 42082031208172815000160000000004087426020591475362.xml
[ASSINANDO] 42082031208172815000160000000004087526020844343810.xml
Erro ao assinar XML: object of type 'cryptography.hazmat.bindings._rust.x509.Certificate' has no len()
[OK_CORRIGIDO] 42082031208172815000160000000004087526020844343810.xml
[ASSINANDO] 42082031208172815000160000000004087626020368413775.xml
Erro ao assinar XML: object of type 'cryptography.hazmat.bindings._rust.x509.Certificate' has no len()
[OK_CORRIGIDO] 42082031208172815000160000000004087626020368413775.xml
[ASSINANDO] 42082031208172815000160000000004087726020318399373.xml
Erro ao assinar XML: object of type 'cryptography.hazmat.bindings._rust.x509.Certificate' has no len()
[OK_CORRIGIDO] 42082031208172815000160000000004087726020318399373.xml
[ASSINANDO] 42082031208172815000160000000004087826020667629068.xml
Erro ao assinar XML: object of type 'cryptography.hazmat.bindings._rust.x509.Certificate' has no len()
[OK_CORRIGIDO] 42082031208172815000160000000004087826020667629068.xml
[ASSINANDO] 42082031208172815000160000000004087926020600670124.xml
Erro ao assinar XML: object of type 'cryptography.hazmat.bindings._rust.x509.Certificate' has no len()
[OK_CORRIGIDO] 42082031208172815000160000000004087926020600670124.xml
[ASSINANDO] 42082031208172815000160000000004088126020559359141.xml
Erro ao assinar XML: object of type 'cryptography.hazmat.bindings._rust.x509.Certificate' has no len()
[OK_CORRIGIDO] 42082031208172815000160000000004088126020559359141.xml
[ASSINANDO] 42082031208172815000160000000004088226020597731820.xml
Erro ao assinar XML: object of type 'cryptography.hazmat.bindings._rust.x509.Certificate' has no len()
[OK_CORRIGIDO] 42082031208172815000160000000004088226020597731820.xml
[ASSINANDO] 42082031208172815000160000000004088326020199711423.xml
Erro ao assinar XML: object of type 'cryptography.hazmat.bindings._rust.x509.Certificate' has no len()
[OK_CORRIGIDO] 42082031208172815000160000000004088326020199711423.xml
[ASSINANDO] 42082031208172815000160000000004088426020175976803.xml
Erro ao assinar XML: object of type 'cryptography.hazmat.bindings._rust.x509.Certificate' has no len()
[OK_CORRIGIDO] 42082031208172815000160000000004088426020175976803.xml
[ASSINANDO] 42082031208172815000160000000004088626020254990504.xml
Erro ao assinar XML: object of type 'cryptography.hazmat.bindings._rust.x509.Certificate' has no len()
[OK_CORRIGIDO] 42082031208172815000160000000004088626020254990504.xml
[ASSINANDO] 42082031208172815000160000000004088726020056431014.xml
Erro ao assinar XML: object of type 'cryptography.hazmat.bindings._rust.x509.Certificate' has no len()
[OK_CORRIGIDO] 42082031208172815000160000000004088726020056431014.xml
[ASSINANDO] 42082031208172815000160000000004088826020102927270.xml
Erro ao assinar XML: object of type 'cryptography.hazmat.bindings._rust.x509.Certificate' has no len()
[OK_CORRIGIDO] 42082031208172815000160000000004088826020102927270.xml
[ASSINANDO] 42082031208172815000160000000004088926020334393244.xml
Erro ao assinar XML: object of type 'cryptography.hazmat.bindings._rust.x509.Certificate' has no len()
[OK_CORRIGIDO] 42082031208172815000160000000004088926020334393244.xml
[ASSINANDO] 42082031208172815000160000000004089026020828807503.xml
Erro ao assinar XML: object of type 'cryptography.hazmat.bindings._rust.x509.Certificate' has no len()
[OK_CORRIGIDO] 42082031208172815000160000000004089026020828807503.xml
[ASSINANDO] 42082031208172815000160000000004089126020869881078.xml
Erro ao assinar XML: object of type 'cryptography.hazmat.bindings._rust.x509.Certificate' has no len()
[OK_CORRIGIDO] 42082031208172815000160000000004089126020869881078.xml
[ASSINANDO] 42082031208172815000160000000004089226020939353036.xml
Erro ao assinar XML: object of type 'cryptography.hazmat.bindings._rust.x509.Certificate' has no len()
[OK_CORRIGIDO] 42082031208172815000160000000004089226020939353036.xml
[ASSINANDO] 42082031208172815000160000000004089326020790813952.xml
Erro ao assinar XML: object of type 'cryptography.hazmat.bindings._rust.x509.Certificate' has no len()
[OK_CORRIGIDO] 42082031208172815000160000000004089326020790813952.xml
[ASSINANDO] 42082031208172815000160000000004089426020727975308.xml
Erro ao assinar XML: object of type 'cryptography.hazmat.bindings._rust.x509.Certificate' has no len()
[OK_CORRIGIDO] 42082031208172815000160000000004089426020727975308.xml
[ASSINANDO] 42082031208172815000160000000004089526020214043430.xml
Erro ao assinar XML: object of type 'cryptography.hazmat.bindings._rust.x509.Certificate' has no len()
[OK_CORRIGIDO] 42082031208172815000160000000004089526020214043430.xml
[ASSINANDO] 42082031208172815000160000000004089626020361159518.xml
Erro ao assinar XML: object of type 'cryptography.hazmat.bindings._rust.x509.Certificate' has no len()
[OK_CORRIGIDO] 42082031208172815000160000000004089626020361159518.xml
[ASSINANDO] 42082031208172815000160000000004089726020598923685.xml
Erro ao assinar XML: object of type 'cryptography.hazmat.bindings._rust.x509.Certificate' has no len()
[OK_CORRIGIDO] 42082031208172815000160000000004089726020598923685.xml
[ASSINANDO] 42082031208172815000160000000004089826020696523766.xml
Erro ao assinar XML: object of type 'cryptography.hazmat.bindings._rust.x509.Certificate' has no len()
[OK_CORRIGIDO] 42082031208172815000160000000004089826020696523766.xml
[ASSINANDO] 42082031208172815000160000000004089926020704186429.xml
Erro ao assinar XML: object of type 'cryptography.hazmat.bindings._rust.x509.Certificate' has no len()
[OK_CORRIGIDO] 42082031208172815000160000000004089926020704186429.xml
[ASSINANDO] 42082031208172815000160000000004090026020461959651.xml
Erro ao assinar XML: object of type 'cryptography.hazmat.bindings._rust.x509.Certificate' has no len()
[OK_CORRIGIDO] 42082031208172815000160000000004090026020461959651.xml
[ASSINANDO] 42082031208172815000160000000004090126020048172950.xml
Erro ao assinar XML: object of type 'cryptography.hazmat.bindings._rust.x509.Certificate' has no len()
[OK_CORRIGIDO] 42082031208172815000160000000004090126020048172950.xml
[ASSINANDO] 42082031208172815000160000000004090226020911910744.xml
Erro ao assinar XML: object of type 'cryptography.hazmat.bindings._rust.x509.Certificate' has no len()
[OK_CORRIGIDO] 42082031208172815000160000000004090226020911910744.xml
[ASSINANDO] 42082031208172815000160000000004090326020564935250.xml
Erro ao assinar XML: object of type 'cryptography.hazmat.bindings._rust.x509.Certificate' has no len()
[OK_CORRIGIDO] 42082031208172815000160000000004090326020564935250.xml
[ASSINANDO] 42082031208172815000160000000004090426020800691260.xml
Erro ao assinar XML: object of type 'cryptography.hazmat.bindings._rust.x509.Certificate' has no len()
[OK_CORRIGIDO] 42082031208172815000160000000004090426020800691260.xml
[ASSINANDO] 42082031208172815000160000000004090626020971943228.xml
Erro ao assinar XML: object of type 'cryptography.hazmat.bindings._rust.x509.Certificate' has no len()
[OK_CORRIGIDO] 42082031208172815000160000000004090626020971943228.xml
[ASSINANDO] 42082031208172815000160000000004090726020060125216.xml
Erro ao assinar XML: object of type 'cryptography.hazmat.bindings._rust.x509.Certificate' has no len()
[OK_CORRIGIDO] 42082031208172815000160000000004090726020060125216.xml
[ASSINANDO] 42082031208172815000160000000004090826020025093650.xml
Erro ao assinar XML: object of type 'cryptography.hazmat.bindings._rust.x509.Certificate' has no len()
[OK_CORRIGIDO] 42082031208172815000160000000004090826020025093650.xml
[ASSINANDO] 42082031208172815000160000000004090926020720530551.xml
Erro ao assinar XML: object of type 'cryptography.hazmat.bindings._rust.x509.Certificate' has no len()
[OK_CORRIGIDO] 42082031208172815000160000000004090926020720530551.xml
[ASSINANDO] 42082031208172815000160000000004091026020009605998.xml
Erro ao assinar XML: object of type 'cryptography.hazmat.bindings._rust.x509.Certificate' has no len()
[OK_CORRIGIDO] 42082031208172815000160000000004091026020009605998.xml
[ASSINANDO] 42082031208172815000160000000004091126020002455609.xml
Erro ao assinar XML: object of type 'cryptography.hazmat.bindings._rust.x509.Certificate' has no len()
[OK_CORRIGIDO] 42082031208172815000160000000004091126020002455609.xml
[ASSINANDO] 42082031208172815000160000000004091226020889612785.xml
Erro ao assinar XML: object of type 'cryptography.hazmat.bindings._rust.x509.Certificate' has no len()
[OK_CORRIGIDO] 42082031208172815000160000000004091226020889612785.xml
[ASSINANDO] 42082031208172815000160000000004091326020561673877.xml
Erro ao assinar XML: object of type 'cryptography.hazmat.bindings._rust.x509.Certificate' has no len()
[OK_CORRIGIDO] 42082031208172815000160000000004091326020561673877.xml
[ASSINANDO] 42082031208172815000160000000004091426020977584098.xml
Erro ao assinar XML: object of type 'cryptography.hazmat.bindings._rust.x509.Certificate' has no len()
[OK_CORRIGIDO] 42082031208172815000160000000004091426020977584098.xml
[ASSINANDO] 42082031208172815000160000000004091526020886741038.xml
Erro ao assinar XML: object of type 'cryptography.hazmat.bindings._rust.x509.Certificate' has no len()
[OK_CORRIGIDO] 42082031208172815000160000000004091526020886741038.xml
[ASSINANDO] 42082031208172815000160000000004091626020691731010.xml
Erro ao assinar XML: object of type 'cryptography.hazmat.bindings._rust.x509.Certificate' has no len()
[OK_CORRIGIDO] 42082031208172815000160000000004091626020691731010.xml
[ASSINANDO] 42082031208172815000160000000004091726020206016389.xml
Erro ao assinar XML: object of type 'cryptography.hazmat.bindings._rust.x509.Certificate' has no len()
[OK_CORRIGIDO] 42082031208172815000160000000004091726020206016389.xml
[ASSINANDO] 42082031208172815000160000000004091826020919998726.xml
Erro ao assinar XML: object of type 'cryptography.hazmat.bindings._rust.x509.Certificate' has no len()
[OK_CORRIGIDO] 42082031208172815000160000000004091826020919998726.xml
[ASSINANDO] 42082031208172815000160000000004091926020649525948.xml
Erro ao assinar XML: object of type 'cryptography.hazmat.bindings._rust.x509.Certificate' has no len()
[OK_CORRIGIDO] 42082031208172815000160000000004091926020649525948.xml
[ASSINANDO] 42082031208172815000160000000004092026020268265282.xml
Erro ao assinar XML: object of type 'cryptography.hazmat.bindings._rust.x509.Certificate' has no len()
[OK_CORRIGIDO] 42082031208172815000160000000004092026020268265282.xml
[ASSINANDO] 42082031208172815000160000000004092126020800779390.xml
Erro ao assinar XML: object of type 'cryptography.hazmat.bindings._rust.x509.Certificate' has no len()
[OK_CORRIGIDO] 42082031208172815000160000000004092126020800779390.xml
[ASSINANDO] 42082031208172815000160000000004092226020351758654.xml
Erro ao assinar XML: object of type 'cryptography.hazmat.bindings._rust.x509.Certificate' has no len()
[OK_CORRIGIDO] 42082031208172815000160000000004092226020351758654.xml
[ASSINANDO] 42082031208172815000160000000004092426020727368234.xml
Erro ao assinar XML: object of type 'cryptography.hazmat.bindings._rust.x509.Certificate' has no len()
[OK_CORRIGIDO] 42082031208172815000160000000004092426020727368234.xml
[ASSINANDO] 42082031208172815000160000000004092526020999997715.xml
Erro ao assinar XML: object of type 'cryptography.hazmat.bindings._rust.x509.Certificate' has no len()
[OK_CORRIGIDO] 42082031208172815000160000000004092526020999997715.xml
[ASSINANDO] 42082031208172815000160000000004092626020185023275.xml
Erro ao assinar XML: object of type 'cryptography.hazmat.bindings._rust.x509.Certificate' has no len()
[OK_CORRIGIDO] 42082031208172815000160000000004092626020185023275.xml
[ASSINANDO] 42082031208172815000160000000004092726020986049942.xml
Erro ao assinar XML: object of type 'cryptography.hazmat.bindings._rust.x509.Certificate' has no len()
[OK_CORRIGIDO] 42082031208172815000160000000004092726020986049942.xml
[ASSINANDO] 42082031208172815000160000000004092826020459354262.xml
Erro ao assinar XML: object of type 'cryptography.hazmat.bindings._rust.x509.Certificate' has no len()
[OK_CORRIGIDO] 42082031208172815000160000000004092826020459354262.xml
[ASSINANDO] 42082031208172815000160000000004092926020250606730.xml
Erro ao assinar XML: object of type 'cryptography.hazmat.bindings._rust.x509.Certificate' has no len()
[OK_CORRIGIDO] 42082031208172815000160000000004092926020250606730.xml
[ASSINANDO] 42082031208172815000160000000004093026020648140840.xml
Erro ao assinar XML: object of type 'cryptography.hazmat.bindings._rust.x509.Certificate' has no len()
[OK_CORRIGIDO] 42082031208172815000160000000004093026020648140840.xml
[ASSINANDO] 42082031208172815000160000000004093126020446282036.xml
Erro ao assinar XML: object of type 'cryptography.hazmat.bindings._rust.x509.Certificate' has no len()
[OK_CORRIGIDO] 42082031208172815000160000000004093126020446282036.xml
[ASSINANDO] 42082031208172815000160000000004093226020468583741.xml
Erro ao assinar XML: object of type 'cryptography.hazmat.bindings._rust.x509.Certificate' has no len()
[OK_CORRIGIDO] 42082031208172815000160000000004093226020468583741.xml
[ASSINANDO] 42082031208172815000160000000004093326020281974082.xml
Erro ao assinar XML: object of type 'cryptography.hazmat.bindings._rust.x509.Certificate' has no len()
[OK_CORRIGIDO] 42082031208172815000160000000004093326020281974082.xml
[ASSINANDO] 42082031208172815000160000000004093426020858416278.xml
Erro ao assinar XML: object of type 'cryptography.hazmat.bindings._rust.x509.Certificate' has no len()
[OK_CORRIGIDO] 42082031208172815000160000000004093426020858416278.xml
[ASSINANDO] 42082031208172815000160000000004093526020695619748.xml
Erro ao assinar XML: object of type 'cryptography.hazmat.bindings._rust.x509.Certificate' has no len()
[OK_CORRIGIDO] 42082031208172815000160000000004093526020695619748.xml
[ASSINANDO] 42082031208172815000160000000004093626020497717925.xml
Erro ao assinar XML: object of type 'cryptography.hazmat.bindings._rust.x509.Certificate' has no len()
[OK_CORRIGIDO] 42082031208172815000160000000004093626020497717925.xml
[ASSINANDO] 42082031208172815000160000000004093726020898470444.xml
Erro ao assinar XML: object of type 'cryptography.hazmat.bindings._rust.x509.Certificate' has no len()
[OK_CORRIGIDO] 42082031208172815000160000000004093726020898470444.xml
[ASSINANDO] 42082031208172815000160000000004093826020508545065.xml
Erro ao assinar XML: object of type 'cryptography.hazmat.bindings._rust.x509.Certificate' has no len()
[OK_CORRIGIDO] 42082031208172815000160000000004093826020508545065.xml
[ASSINANDO] 42082031208172815000160000000004093926020531956274.xml
Erro ao assinar XML: object of type 'cryptography.hazmat.bindings._rust.x509.Certificate' has no len()
[OK_CORRIGIDO] 42082031208172815000160000000004093926020531956274.xml
[ASSINANDO] 42082031208172815000160000000004094026020150729930.xml
Erro ao assinar XML: object of type 'cryptography.hazmat.bindings._rust.x509.Certificate' has no len()
[OK_CORRIGIDO] 42082031208172815000160000000004094026020150729930.xml
[ASSINANDO] 42082031208172815000160000000004094126020452542462.xml
Erro ao assinar XML: object of type 'cryptography.hazmat.bindings._rust.x509.Certificate' has no len()
[OK_CORRIGIDO] 42082031208172815000160000000004094126020452542462.xml
[ASSINANDO] 42082031208172815000160000000004094226020875529854.xml
Erro ao assinar XML: object of type 'cryptography.hazmat.bindings._rust.x509.Certificate' has no len()
[OK_CORRIGIDO] 42082031208172815000160000000004094226020875529854.xml
[ASSINANDO] 42082031208172815000160000000004094326020999638519.xml
Erro ao assinar XML: object of type 'cryptography.hazmat.bindings._rust.x509.Certificate' has no len()
[OK_CORRIGIDO] 42082031208172815000160000000004094326020999638519.xml
[ASSINANDO] 42082031208172815000160000000004094426020359072703.xml
Erro ao assinar XML: object of type 'cryptography.hazmat.bindings._rust.x509.Certificate' has no len()
[OK_CORRIGIDO] 42082031208172815000160000000004094426020359072703.xml
[ASSINANDO] 42082031208172815000160000000004094526020201748960.xml
Erro ao assinar XML: object of type 'cryptography.hazmat.bindings._rust.x509.Certificate' has no len()
[OK_CORRIGIDO] 42082031208172815000160000000004094526020201748960.xml
[ASSINANDO] 42082031208172815000160000000004094626020435957470.xml
Erro ao assinar XML: object of type 'cryptography.hazmat.bindings._rust.x509.Certificate' has no len()
[OK_CORRIGIDO] 42082031208172815000160000000004094626020435957470.xml
[ASSINANDO] 42082031208172815000160000000004094726020417076762.xml
Erro ao assinar XML: object of type 'cryptography.hazmat.bindings._rust.x509.Certificate' has no len()
[OK_CORRIGIDO] 42082031208172815000160000000004094726020417076762.xml
[ASSINANDO] 42082031208172815000160000000004094826020244535373.xml
Erro ao assinar XML: object of type 'cryptography.hazmat.bindings._rust.x509.Certificate' has no len()
[OK_CORRIGIDO] 42082031208172815000160000000004094826020244535373.xml
[ASSINANDO] 42082031208172815000160000000004094926020176066460.xml
Erro ao assinar XML: object of type 'cryptography.hazmat.bindings._rust.x509.Certificate' has no len()
[OK_CORRIGIDO] 42082031208172815000160000000004094926020176066460.xml
[ASSINANDO] 42082031208172815000160000000004095026020756774419.xml
Erro ao assinar XML: object of type 'cryptography.hazmat.bindings._rust.x509.Certificate' has no len()
[OK_CORRIGIDO] 42082031208172815000160000000004095026020756774419.xml
[ASSINANDO] 42082031208172815000160000000004095126020498939961.xml
Erro ao assinar XML: object of type 'cryptography.hazmat.bindings._rust.x509.Certificate' has no len()
[OK_CORRIGIDO] 42082031208172815000160000000004095126020498939961.xml
[ASSINANDO] 42082031208172815000160000000004095226020484527694.xml
Erro ao assinar XML: object of type 'cryptography.hazmat.bindings._rust.x509.Certificate' has no len()
[OK_CORRIGIDO] 42082031208172815000160000000004095226020484527694.xml
[ASSINANDO] 42082031208172815000160000000004095326020074953336.xml
Erro ao assinar XML: object of type 'cryptography.hazmat.bindings._rust.x509.Certificate' has no len()
[OK_CORRIGIDO] 42082031208172815000160000000004095326020074953336.xml
[ASSINANDO] 42082031208172815000160000000004095426020288932775.xml
Erro ao assinar XML: object of type 'cryptography.hazmat.bindings._rust.x509.Certificate' has no len()
[OK_CORRIGIDO] 42082031208172815000160000000004095426020288932775.xml
[ASSINANDO] 42082031208172815000160000000004095526020386226127.xml
Erro ao assinar XML: object of type 'cryptography.hazmat.bindings._rust.x509.Certificate' has no len()
[OK_CORRIGIDO] 42082031208172815000160000000004095526020386226127.xml
[ASSINANDO] 42082031208172815000160000000004095626020034628982.xml
Erro ao assinar XML: object of type 'cryptography.hazmat.bindings._rust.x509.Certificate' has no len()
[OK_CORRIGIDO] 42082031208172815000160000000004095626020034628982.xml
[ASSINANDO] 42082031208172815000160000000004095726020181760935.xml
Erro ao assinar XML: object of type 'cryptography.hazmat.bindings._rust.x509.Certificate' has no len()
[OK_CORRIGIDO] 42082031208172815000160000000004095726020181760935.xml
[ASSINANDO] 42082031208172815000160000000004095826020451438317.xml
Erro ao assinar XML: object of type 'cryptography.hazmat.bindings._rust.x509.Certificate' has no len()
[OK_CORRIGIDO] 42082031208172815000160000000004095826020451438317.xml
[ASSINANDO] 42082031208172815000160000000004095926020910907153.xml
Erro ao assinar XML: object of type 'cryptography.hazmat.bindings._rust.x509.Certificate' has no len()
[OK_CORRIGIDO] 42082031208172815000160000000004095926020910907153.xml
[ASSINANDO] 42082031208172815000160000000004096026020690091079.xml
Erro ao assinar XML: object of type 'cryptography.hazmat.bindings._rust.x509.Certificate' has no len()
[OK_CORRIGIDO] 42082031208172815000160000000004096026020690091079.xml
[ASSINANDO] 42082031208172815000160000000004096126020336778680.xml
Erro ao assinar XML: object of type 'cryptography.hazmat.bindings._rust.x509.Certificate' has no len()
[OK_CORRIGIDO] 42082031208172815000160000000004096126020336778680.xml
[ASSINANDO] 42082031208172815000160000000004096226020880959239.xml
Erro ao assinar XML: object of type 'cryptography.hazmat.bindings._rust.x509.Certificate' has no len()
[OK_CORRIGIDO] 42082031208172815000160000000004096226020880959239.xml
[ASSINANDO] 42082031208172815000160000000004096326020655537083.xml
Erro ao assinar XML: object of type 'cryptography.hazmat.bindings._rust.x509.Certificate' has no len()
[OK_CORRIGIDO] 42082031208172815000160000000004096326020655537083.xml
[ASSINANDO] 42082031208172815000160000000004096426020171746206.xml
Erro ao assinar XML: object of type 'cryptography.hazmat.bindings._rust.x509.Certificate' has no len()
[OK_CORRIGIDO] 42082031208172815000160000000004096426020171746206.xml
[ASSINANDO] 42082031208172815000160000000004096526020862841320.xml
Erro ao assinar XML: object of type 'cryptography.hazmat.bindings._rust.x509.Certificate' has no len()
[OK_CORRIGIDO] 42082031208172815000160000000004096526020862841320.xml
[ASSINANDO] 42082031208172815000160000000004096626020045372057.xml
Erro ao assinar XML: object of type 'cryptography.hazmat.bindings._rust.x509.Certificate' has no len()
[OK_CORRIGIDO] 42082031208172815000160000000004096626020045372057.xml
[ASSINANDO] 42082031208172815000160000000004096726020022915368.xml
Erro ao assinar XML: object of type 'cryptography.hazmat.bindings._rust.x509.Certificate' has no len()
[OK_CORRIGIDO] 42082031208172815000160000000004096726020022915368.xml
[ASSINANDO] 42082031208172815000160000000004096926020312364159.xml
Erro ao assinar XML: object of type 'cryptography.hazmat.bindings._rust.x509.Certificate' has no len()
[OK_CORRIGIDO] 42082031208172815000160000000004096926020312364159.xml
[ASSINANDO] 42082031208172815000160000000004097026020319535277.xml
Erro ao assinar XML: object of type 'cryptography.hazmat.bindings._rust.x509.Certificate' has no len()
[OK_CORRIGIDO] 42082031208172815000160000000004097026020319535277.xml
[ASSINANDO] 42082031208172815000160000000004097126020929106500.xml
Erro ao assinar XML: object of type 'cryptography.hazmat.bindings._rust.x509.Certificate' has no len()
[OK_CORRIGIDO] 42082031208172815000160000000004097126020929106500.xml
[ASSINANDO] 42082031208172815000160000000004097226020256126631.xml
Erro ao assinar XML: object of type 'cryptography.hazmat.bindings._rust.x509.Certificate' has no len()
[OK_CORRIGIDO] 42082031208172815000160000000004097226020256126631.xml
[ASSINANDO] 42082031208172815000160000000004097326020597292861.xml
Erro ao assinar XML: object of type 'cryptography.hazmat.bindings._rust.x509.Certificate' has no len()
[OK_CORRIGIDO] 42082031208172815000160000000004097326020597292861.xml
[ASSINANDO] 42082031208172815000160000000004097426020171388175.xml
Erro ao assinar XML: object of type 'cryptography.hazmat.bindings._rust.x509.Certificate' has no len()
[OK_CORRIGIDO] 42082031208172815000160000000004097426020171388175.xml
[ASSINANDO] 42082031208172815000160000000004097526020442755008.xml
Erro ao assinar XML: object of type 'cryptography.hazmat.bindings._rust.x509.Certificate' has no len()
[OK_CORRIGIDO] 42082031208172815000160000000004097526020442755008.xml
[ASSINANDO] 42082031208172815000160000000004097626020801743626.xml
Erro ao assinar XML: object of type 'cryptography.hazmat.bindings._rust.x509.Certificate' has no len()
[OK_CORRIGIDO] 42082031208172815000160000000004097626020801743626.xml
[ASSINANDO] 42082031208172815000160000000004097726020310104945.xml
Erro ao assinar XML: object of type 'cryptography.hazmat.bindings._rust.x509.Certificate' has no len()
[OK_CORRIGIDO] 42082031208172815000160000000004097726020310104945.xml
[ASSINANDO] 42082031208172815000160000000004097826020072506271.xml
Erro ao assinar XML: object of type 'cryptography.hazmat.bindings._rust.x509.Certificate' has no len()
[OK_CORRIGIDO] 42082031208172815000160000000004097826020072506271.xml
[ASSINANDO] 42082031208172815000160000000004097926020273941602.xml
Erro ao assinar XML: object of type 'cryptography.hazmat.bindings._rust.x509.Certificate' has no len()
[OK_CORRIGIDO] 42082031208172815000160000000004097926020273941602.xml
[ASSINANDO] 42082031208172815000160000000004098026020174198960.xml
Erro ao assinar XML: object of type 'cryptography.hazmat.bindings._rust.x509.Certificate' has no len()
[OK_CORRIGIDO] 42082031208172815000160000000004098026020174198960.xml
[ASSINANDO] 42082031208172815000160000000004098126020882118799.xml
Erro ao assinar XML: object of type 'cryptography.hazmat.bindings._rust.x509.Certificate' has no len()
[OK_CORRIGIDO] 42082031208172815000160000000004098126020882118799.xml
[ASSINANDO] 42082031208172815000160000000004098226020203555727.xml
Erro ao assinar XML: object of type 'cryptography.hazmat.bindings._rust.x509.Certificate' has no len()
[OK_CORRIGIDO] 42082031208172815000160000000004098226020203555727.xml
[ASSINANDO] 42082031208172815000160000000004098326020219927339.xml
Erro ao assinar XML: object of type 'cryptography.hazmat.bindings._rust.x509.Certificate' has no len()
[OK_CORRIGIDO] 42082031208172815000160000000004098326020219927339.xml
[ASSINANDO] 42082031208172815000160000000004098426020821843931.xml
Erro ao assinar XML: object of type 'cryptography.hazmat.bindings._rust.x509.Certificate' has no len()
[OK_CORRIGIDO] 42082031208172815000160000000004098426020821843931.xml
[ASSINANDO] 42082031208172815000160000000004098526020926469170.xml
Erro ao assinar XML: object of type 'cryptography.hazmat.bindings._rust.x509.Certificate' has no len()
[OK_CORRIGIDO] 42082031208172815000160000000004098526020926469170.xml
[ASSINANDO] 42082031208172815000160000000004098626020333907911.xml
Erro ao assinar XML: object of type 'cryptography.hazmat.bindings._rust.x509.Certificate' has no len()
[OK_CORRIGIDO] 42082031208172815000160000000004098626020333907911.xml
[ASSINANDO] 42082031208172815000160000000004098726020317112016.xml
Erro ao assinar XML: object of type 'cryptography.hazmat.bindings._rust.x509.Certificate' has no len()
[OK_CORRIGIDO] 42082031208172815000160000000004098726020317112016.xml
[ASSINANDO] 42082031208172815000160000000004098826020299389264.xml
Erro ao assinar XML: object of type 'cryptography.hazmat.bindings._rust.x509.Certificate' has no len()
[OK_CORRIGIDO] 42082031208172815000160000000004098826020299389264.xml
[ASSINANDO] 42082031208172815000160000000004098926020685760306.xml
Erro ao assinar XML: object of type 'cryptography.hazmat.bindings._rust.x509.Certificate' has no len()
[OK_CORRIGIDO] 42082031208172815000160000000004098926020685760306.xml
[ASSINANDO] 42082031208172815000160000000004099026020637844198.xml
Erro ao assinar XML: object of type 'cryptography.hazmat.bindings._rust.x509.Certificate' has no len()
[OK_CORRIGIDO] 42082031208172815000160000000004099026020637844198.xml
[ASSINANDO] 42082031208172815000160000000004099126020372876503.xml
Erro ao assinar XML: object of type 'cryptography.hazmat.bindings._rust.x509.Certificate' has no len()
[OK_CORRIGIDO] 42082031208172815000160000000004099126020372876503.xml
[ASSINANDO] 42082031208172815000160000000004099226020254144050.xml
Erro ao assinar XML: object of type 'cryptography.hazmat.bindings._rust.x509.Certificate' has no len()
[OK_CORRIGIDO] 42082031208172815000160000000004099226020254144050.xml
[ASSINANDO] 42082031208172815000160000000004099426020385917212.xml
Erro ao assinar XML: object of type 'cryptography.hazmat.bindings._rust.x509.Certificate' has no len()
[OK_CORRIGIDO] 42082031208172815000160000000004099426020385917212.xml
[ASSINANDO] 42082031208172815000160000000004099526020311441323.xml
Erro ao assinar XML: object of type 'cryptography.hazmat.bindings._rust.x509.Certificate' has no len()
[OK_CORRIGIDO] 42082031208172815000160000000004099526020311441323.xml
[ASSINANDO] 42082031208172815000160000000004099626020830420738.xml
Erro ao assinar XML: object of type 'cryptography.hazmat.bindings._rust.x509.Certificate' has no len()
[OK_CORRIGIDO] 42082031208172815000160000000004099626020830420738.xml
[ASSINANDO] 42082031208172815000160000000004099726020365848186.xml
Erro ao assinar XML: object of type 'cryptography.hazmat.bindings._rust.x509.Certificate' has no len()
[OK_CORRIGIDO] 42082031208172815000160000000004099726020365848186.xml
[ASSINANDO] 42082031208172815000160000000004099826020492437871.xml
Erro ao assinar XML: object of type 'cryptography.hazmat.bindings._rust.x509.Certificate' has no len()
[OK_CORRIGIDO] 42082031208172815000160000000004099826020492437871.xml
[ASSINANDO] 42082031208172815000160000000004099926020302156403.xml
Erro ao assinar XML: object of type 'cryptography.hazmat.bindings._rust.x509.Certificate' has no len()
[OK_CORRIGIDO] 42082031208172815000160000000004099926020302156403.xml
[ASSINANDO] 42082031208172815000160000000004100026020688224224.xml
Erro ao assinar XML: object of type 'cryptography.hazmat.bindings._rust.x509.Certificate' has no len()
[OK_CORRIGIDO] 42082031208172815000160000000004100026020688224224.xml
[ASSINANDO] 42082031208172815000160000000004100126020356743119.xml
Erro ao assinar XML: object of type 'cryptography.hazmat.bindings._rust.x509.Certificate' has no len()
[OK_CORRIGIDO] 42082031208172815000160000000004100126020356743119.xml
[ASSINANDO] 42082031208172815000160000000004100226020717987437.xml
Erro ao assinar XML: object of type 'cryptography.hazmat.bindings._rust.x509.Certificate' has no len()
[OK_CORRIGIDO] 42082031208172815000160000000004100226020717987437.xml
[ASSINANDO] 42082031208172815000160000000004100326020385830536.xml
Erro ao assinar XML: object of type 'cryptography.hazmat.bindings._rust.x509.Certificate' has no len()
[OK_CORRIGIDO] 42082031208172815000160000000004100326020385830536.xml
[ASSINANDO] 42082031208172815000160000000004100426020676296084.xml
Erro ao assinar XML: object of type 'cryptography.hazmat.bindings._rust.x509.Certificate' has no len()
[OK_CORRIGIDO] 42082031208172815000160000000004100426020676296084.xml
[ASSINANDO] 42082031208172815000160000000004100526020615080140.xml
Erro ao assinar XML: object of type 'cryptography.hazmat.bindings._rust.x509.Certificate' has no len()
[OK_CORRIGIDO] 42082031208172815000160000000004100526020615080140.xml
[ASSINANDO] 42082031208172815000160000000004100626020025037320.xml
Erro ao assinar XML: object of type 'cryptography.hazmat.bindings._rust.x509.Certificate' has no len()
[OK_CORRIGIDO] 42082031208172815000160000000004100626020025037320.xml
[ASSINANDO] 42082031208172815000160000000004100726020850794685.xml
Erro ao assinar XML: object of type 'cryptography.hazmat.bindings._rust.x509.Certificate' has no len()
[OK_CORRIGIDO] 42082031208172815000160000000004100726020850794685.xml
[ASSINANDO] 42082031208172815000160000000004100826020112798378.xml
Erro ao assinar XML: object of type 'cryptography.hazmat.bindings._rust.x509.Certificate' has no len()
[OK_CORRIGIDO] 42082031208172815000160000000004100826020112798378.xml
[ASSINANDO] 42082031208172815000160000000004100926020270327540.xml
Erro ao assinar XML: object of type 'cryptography.hazmat.bindings._rust.x509.Certificate' has no len()
[OK_CORRIGIDO] 42082031208172815000160000000004100926020270327540.xml
[ASSINANDO] 42082031208172815000160000000004101026020924005759.xml
Erro ao assinar XML: object of type 'cryptography.hazmat.bindings._rust.x509.Certificate' has no len()
[OK_CORRIGIDO] 42082031208172815000160000000004101026020924005759.xml
[ASSINANDO] 42082031208172815000160000000004101126020014378436.xml
Erro ao assinar XML: object of type 'cryptography.hazmat.bindings._rust.x509.Certificate' has no len()
[OK_CORRIGIDO] 42082031208172815000160000000004101126020014378436.xml
[ASSINANDO] 42082031208172815000160000000004101226020661142499.xml
Erro ao assinar XML: object of type 'cryptography.hazmat.bindings._rust.x509.Certificate' has no len()
[OK_CORRIGIDO] 42082031208172815000160000000004101226020661142499.xml
[ASSINANDO] 42082031208172815000160000000004101326020662681524.xml
Erro ao assinar XML: object of type 'cryptography.hazmat.bindings._rust.x509.Certificate' has no len()
[OK_CORRIGIDO] 42082031208172815000160000000004101326020662681524.xml
[ASSINANDO] 42082031208172815000160000000004101426020332320319.xml
Erro ao assinar XML: object of type 'cryptography.hazmat.bindings._rust.x509.Certificate' has no len()
[OK_CORRIGIDO] 42082031208172815000160000000004101426020332320319.xml
[ASSINANDO] 42082031208172815000160000000004101526020732209010.xml
Erro ao assinar XML: object of type 'cryptography.hazmat.bindings._rust.x509.Certificate' has no len()
[OK_CORRIGIDO] 42082031208172815000160000000004101526020732209010.xml
[ASSINANDO] 42082031208172815000160000000004101626020479128855.xml
Erro ao assinar XML: object of type 'cryptography.hazmat.bindings._rust.x509.Certificate' has no len()
[OK_CORRIGIDO] 42082031208172815000160000000004101626020479128855.xml
[ASSINANDO] 42082031208172815000160000000004101726020347401019.xml
Erro ao assinar XML: object of type 'cryptography.hazmat.bindings._rust.x509.Certificate' has no len()
[OK_CORRIGIDO] 42082031208172815000160000000004101726020347401019.xml
[ASSINANDO] 42082031208172815000160000000004101826020534307229.xml
Erro ao assinar XML: object of type 'cryptography.hazmat.bindings._rust.x509.Certificate' has no len()
[OK_CORRIGIDO] 42082031208172815000160000000004101826020534307229.xml
[ASSINANDO] 42082031208172815000160000000004101926020007080175.xml
Erro ao assinar XML: object of type 'cryptography.hazmat.bindings._rust.x509.Certificate' has no len()
[OK_CORRIGIDO] 42082031208172815000160000000004101926020007080175.xml
[ASSINANDO] 42082031208172815000160000000004102026020883250994.xml
Erro ao assinar XML: object of type 'cryptography.hazmat.bindings._rust.x509.Certificate' has no len()
[OK_CORRIGIDO] 42082031208172815000160000000004102026020883250994.xml
[ASSINANDO] 42082031208172815000160000000004102126020862198920.xml
Erro ao assinar XML: object of type 'cryptography.hazmat.bindings._rust.x509.Certificate' has no len()
[OK_CORRIGIDO] 42082031208172815000160000000004102126020862198920.xml
[ASSINANDO] 42082031208172815000160000000004102226020507026096.xml
Erro ao assinar XML: object of type 'cryptography.hazmat.bindings._rust.x509.Certificate' has no len()
[OK_CORRIGIDO] 42082031208172815000160000000004102226020507026096.xml
[ASSINANDO] 42082031208172815000160000000004102326020829253159.xml
Erro ao assinar XML: object of type 'cryptography.hazmat.bindings._rust.x509.Certificate' has no len()
[OK_CORRIGIDO] 42082031208172815000160000000004102326020829253159.xml
[ASSINANDO] 42082031208172815000160000000004102426020513030145.xml
Erro ao assinar XML: object of type 'cryptography.hazmat.bindings._rust.x509.Certificate' has no len()
[OK_CORRIGIDO] 42082031208172815000160000000004102426020513030145.xml
[ASSINANDO] 42082031208172815000160000000004102526020109719742.xml
Erro ao assinar XML: object of type 'cryptography.hazmat.bindings._rust.x509.Certificate' has no len()
[OK_CORRIGIDO] 42082031208172815000160000000004102526020109719742.xml
[ASSINANDO] 42082031208172815000160000000004102626020395915328.xml
Erro ao assinar XML: object of type 'cryptography.hazmat.bindings._rust.x509.Certificate' has no len()
[OK_CORRIGIDO] 42082031208172815000160000000004102626020395915328.xml
[ASSINANDO] 42082031208172815000160000000004102726020478080545.xml
Erro ao assinar XML: object of type 'cryptography.hazmat.bindings._rust.x509.Certificate' has no len()
[OK_CORRIGIDO] 42082031208172815000160000000004102726020478080545.xml
[ASSINANDO] 42082031208172815000160000000004102826020084858249.xml
Erro ao assinar XML: object of type 'cryptography.hazmat.bindings._rust.x509.Certificate' has no len()
[OK_CORRIGIDO] 42082031208172815000160000000004102826020084858249.xml
[ASSINANDO] 42082031208172815000160000000004102926020238544706.xml
Erro ao assinar XML: object of type 'cryptography.hazmat.bindings._rust.x509.Certificate' has no len()
[OK_CORRIGIDO] 42082031208172815000160000000004102926020238544706.xml
[ASSINANDO] 42082031208172815000160000000004103026020481591420.xml
Erro ao assinar XML: object of type 'cryptography.hazmat.bindings._rust.x509.Certificate' has no len()
[OK_CORRIGIDO] 42082031208172815000160000000004103026020481591420.xml
[ASSINANDO] 42082031208172815000160000000004103126020649352332.xml
Erro ao assinar XML: object of type 'cryptography.hazmat.bindings._rust.x509.Certificate' has no len()
[OK_CORRIGIDO] 42082031208172815000160000000004103126020649352332.xml
[ASSINANDO] 42082031208172815000160000000004103226020538816067.xml
Erro ao assinar XML: object of type 'cryptography.hazmat.bindings._rust.x509.Certificate' has no len()
[OK_CORRIGIDO] 42082031208172815000160000000004103226020538816067.xml
[ASSINANDO] 42082031208172815000160000000004103326020289135243.xml
Erro ao assinar XML: object of type 'cryptography.hazmat.bindings._rust.x509.Certificate' has no len()
[OK_CORRIGIDO] 42082031208172815000160000000004103326020289135243.xml
[ASSINANDO] 42082031208172815000160000000004103426020374654032.xml
Erro ao assinar XML: object of type 'cryptography.hazmat.bindings._rust.x509.Certificate' has no len()
[OK_CORRIGIDO] 42082031208172815000160000000004103426020374654032.xml
[ASSINANDO] 42082031208172815000160000000004103526020487567201.xml
Erro ao assinar XML: object of type 'cryptography.hazmat.bindings._rust.x509.Certificate' has no len()
[OK_CORRIGIDO] 42082031208172815000160000000004103526020487567201.xml
[ASSINANDO] 42082031208172815000160000000004103626020584166767.xml
Erro ao assinar XML: object of type 'cryptography.hazmat.bindings._rust.x509.Certificate' has no len()
[OK_CORRIGIDO] 42082031208172815000160000000004103626020584166767.xml
[ASSINANDO] 42082031208172815000160000000004103726020038898968.xml
Erro ao assinar XML: object of type 'cryptography.hazmat.bindings._rust.x509.Certificate' has no len()
[OK_CORRIGIDO] 42082031208172815000160000000004103726020038898968.xml
[ASSINANDO] 42082031208172815000160000000004103826020325993400.xml
Erro ao assinar XML: object of type 'cryptography.hazmat.bindings._rust.x509.Certificate' has no len()
[OK_CORRIGIDO] 42082031208172815000160000000004103826020325993400.xml
[ASSINANDO] 42082031208172815000160000000004103926020939049240.xml
Erro ao assinar XML: object of type 'cryptography.hazmat.bindings._rust.x509.Certificate' has no len()
[OK_CORRIGIDO] 42082031208172815000160000000004103926020939049240.xml
[ASSINANDO] 42082031208172815000160000000004104026020897687910.xml
Erro ao assinar XML: object of type 'cryptography.hazmat.bindings._rust.x509.Certificate' has no len()
[OK_CORRIGIDO] 42082031208172815000160000000004104026020897687910.xml
[ASSINANDO] 42082031208172815000160000000004104126020778681351.xml
Erro ao assinar XML: object of type 'cryptography.hazmat.bindings._rust.x509.Certificate' has no len()
[OK_CORRIGIDO] 42082031208172815000160000000004104126020778681351.xml
[ASSINANDO] 42082031208172815000160000000004104226020025730081.xml
Erro ao assinar XML: object of type 'cryptography.hazmat.bindings._rust.x509.Certificate' has no len()
[OK_CORRIGIDO] 42082031208172815000160000000004104226020025730081.xml
[ASSINANDO] 42082031208172815000160000000004104326020704223675.xml
Erro ao assinar XML: object of type 'cryptography.hazmat.bindings._rust.x509.Certificate' has no len()
[OK_CORRIGIDO] 42082031208172815000160000000004104326020704223675.xml
[ASSINANDO] 42082031208172815000160000000004104426020669112969.xml
Erro ao assinar XML: object of type 'cryptography.hazmat.bindings._rust.x509.Certificate' has no len()
[OK_CORRIGIDO] 42082031208172815000160000000004104426020669112969.xml
[ASSINANDO] 42082031208172815000160000000004104526020411719984.xml
Erro ao assinar XML: object of type 'cryptography.hazmat.bindings._rust.x509.Certificate' has no len()
[OK_CORRIGIDO] 42082031208172815000160000000004104526020411719984.xml
[ASSINANDO] 42082031208172815000160000000004104626020138011379.xml
Erro ao assinar XML: object of type 'cryptography.hazmat.bindings._rust.x509.Certificate' has no len()
[OK_CORRIGIDO] 42082031208172815000160000000004104626020138011379.xml
[ASSINANDO] 42082031208172815000160000000004104726020021054748.xml
Erro ao assinar XML: object of type 'cryptography.hazmat.bindings._rust.x509.Certificate' has no len()
[OK_CORRIGIDO] 42082031208172815000160000000004104726020021054748.xml
[ASSINANDO] 42082031208172815000160000000004104826020106587620.xml
Erro ao assinar XML: object of type 'cryptography.hazmat.bindings._rust.x509.Certificate' has no len()
[OK_CORRIGIDO] 42082031208172815000160000000004104826020106587620.xml
[ASSINANDO] 42082031208172815000160000000004104926020204890062.xml
Erro ao assinar XML: object of type 'cryptography.hazmat.bindings._rust.x509.Certificate' has no len()
[OK_CORRIGIDO] 42082031208172815000160000000004104926020204890062.xml
[ASSINANDO] 42082031208172815000160000000004105026020503371024.xml
Erro ao assinar XML: object of type 'cryptography.hazmat.bindings._rust.x509.Certificate' has no len()
[OK_CORRIGIDO] 42082031208172815000160000000004105026020503371024.xml
[ASSINANDO] 42082031208172815000160000000004105126020235417788.xml
Erro ao assinar XML: object of type 'cryptography.hazmat.bindings._rust.x509.Certificate' has no len()
[OK_CORRIGIDO] 42082031208172815000160000000004105126020235417788.xml
[ASSINANDO] 42082031208172815000160000000004105226020932884381.xml
Erro ao assinar XML: object of type 'cryptography.hazmat.bindings._rust.x509.Certificate' has no len()
[OK_CORRIGIDO] 42082031208172815000160000000004105226020932884381.xml
[ASSINANDO] 42082031208172815000160000000004105326020911410732.xml
Erro ao assinar XML: object of type 'cryptography.hazmat.bindings._rust.x509.Certificate' has no len()
[OK_CORRIGIDO] 42082031208172815000160000000004105326020911410732.xml
[ASSINANDO] 42082031208172815000160000000004105426020061222171.xml
Erro ao assinar XML: object of type 'cryptography.hazmat.bindings._rust.x509.Certificate' has no len()
[OK_CORRIGIDO] 42082031208172815000160000000004105426020061222171.xml
[ASSINANDO] 42082031208172815000160000000004105526020083787833.xml
Erro ao assinar XML: object of type 'cryptography.hazmat.bindings._rust.x509.Certificate' has no len()
[OK_CORRIGIDO] 42082031208172815000160000000004105526020083787833.xml
[ASSINANDO] 42082031208172815000160000000004105626020405739010.xml
Erro ao assinar XML: object of type 'cryptography.hazmat.bindings._rust.x509.Certificate' has no len()
[OK_CORRIGIDO] 42082031208172815000160000000004105626020405739010.xml
[ASSINANDO] 42082031208172815000160000000004105726020717633173.xml
Erro ao assinar XML: object of type 'cryptography.hazmat.bindings._rust.x509.Certificate' has no len()
[OK_CORRIGIDO] 42082031208172815000160000000004105726020717633173.xml
[ASSINANDO] 42082031208172815000160000000004105826020924211014.xml
Erro ao assinar XML: object of type 'cryptography.hazmat.bindings._rust.x509.Certificate' has no len()
[OK_CORRIGIDO] 42082031208172815000160000000004105826020924211014.xml
[ASSINANDO] 42082031208172815000160000000004105926020449833471.xml
Erro ao assinar XML: object of type 'cryptography.hazmat.bindings._rust.x509.Certificate' has no len()
[OK_CORRIGIDO] 42082031208172815000160000000004105926020449833471.xml
[ASSINANDO] 42082031208172815000160000000004106026020905547421.xml
Erro ao assinar XML: object of type 'cryptography.hazmat.bindings._rust.x509.Certificate' has no len()
[OK_CORRIGIDO] 42082031208172815000160000000004106026020905547421.xml
[ASSINANDO] 42082031208172815000160000000004106126020458781210.xml
Erro ao assinar XML: object of type 'cryptography.hazmat.bindings._rust.x509.Certificate' has no len()
[OK_CORRIGIDO] 42082031208172815000160000000004106126020458781210.xml
[ASSINANDO] 42082031208172815000160000000004106226020152262350.xml
Erro ao assinar XML: object of type 'cryptography.hazmat.bindings._rust.x509.Certificate' has no len()
[OK_CORRIGIDO] 42082031208172815000160000000004106226020152262350.xml
[ASSINANDO] 42082031208172815000160000000004106326020017761819.xml
Erro ao assinar XML: object of type 'cryptography.hazmat.bindings._rust.x509.Certificate' has no len()
[OK_CORRIGIDO] 42082031208172815000160000000004106326020017761819.xml
[ASSINANDO] 42082031208172815000160000000004106426020808202401.xml
Erro ao assinar XML: object of type 'cryptography.hazmat.bindings._rust.x509.Certificate' has no len()
[OK_CORRIGIDO] 42082031208172815000160000000004106426020808202401.xml
[ASSINANDO] 42082031208172815000160000000004106526020272940950.xml
Erro ao assinar XML: object of type 'cryptography.hazmat.bindings._rust.x509.Certificate' has no len()
[OK_CORRIGIDO] 42082031208172815000160000000004106526020272940950.xml
[ASSINANDO] 42082031208172815000160000000004106626020105885960.xml
Erro ao assinar XML: object of type 'cryptography.hazmat.bindings._rust.x509.Certificate' has no len()
[OK_CORRIGIDO] 42082031208172815000160000000004106626020105885960.xml
[ASSINANDO] 42082031208172815000160000000004106726020426600840.xml
Erro ao assinar XML: object of type 'cryptography.hazmat.bindings._rust.x509.Certificate' has no len()
[OK_CORRIGIDO] 42082031208172815000160000000004106726020426600840.xml
[ASSINANDO] 42082031208172815000160000000004106826020067629580.xml
Erro ao assinar XML: object of type 'cryptography.hazmat.bindings._rust.x509.Certificate' has no len()
[OK_CORRIGIDO] 42082031208172815000160000000004106826020067629580.xml
[ASSINANDO] 42082031208172815000160000000004106926020612914202.xml
Erro ao assinar XML: object of type 'cryptography.hazmat.bindings._rust.x509.Certificate' has no len()
[OK_CORRIGIDO] 42082031208172815000160000000004106926020612914202.xml
[ASSINANDO] 42082031208172815000160000000004107026020140647273.xml
Erro ao assinar XML: object of type 'cryptography.hazmat.bindings._rust.x509.Certificate' has no len()
[OK_CORRIGIDO] 42082031208172815000160000000004107026020140647273.xml
[ASSINANDO] 42082031208172815000160000000004107126020418464136.xml
Erro ao assinar XML: object of type 'cryptography.hazmat.bindings._rust.x509.Certificate' has no len()
[OK_CORRIGIDO] 42082031208172815000160000000004107126020418464136.xml
[ASSINANDO] 42082031208172815000160000000004107226020649855592.xml
Erro ao assinar XML: object of type 'cryptography.hazmat.bindings._rust.x509.Certificate' has no len()
[OK_CORRIGIDO] 42082031208172815000160000000004107226020649855592.xml
[ASSINANDO] 42082031208172815000160000000004107326020180126453.xml
Erro ao assinar XML: object of type 'cryptography.hazmat.bindings._rust.x509.Certificate' has no len()
[OK_CORRIGIDO] 42082031208172815000160000000004107326020180126453.xml
[ASSINANDO] 42082031208172815000160000000004107426020303918003.xml
Erro ao assinar XML: object of type 'cryptography.hazmat.bindings._rust.x509.Certificate' has no len()
[OK_CORRIGIDO] 42082031208172815000160000000004107426020303918003.xml
[ASSINANDO] 42082031208172815000160000000004107626020967291000.xml
Erro ao assinar XML: object of type 'cryptography.hazmat.bindings._rust.x509.Certificate' has no len()
[OK_CORRIGIDO] 42082031208172815000160000000004107626020967291000.xml
[ASSINANDO] 42082031208172815000160000000004107726020010339302.xml
Erro ao assinar XML: object of type 'cryptography.hazmat.bindings._rust.x509.Certificate' has no len()
[OK_CORRIGIDO] 42082031208172815000160000000004107726020010339302.xml
[ASSINANDO] 42082031208172815000160000000004107826020339093432.xml
Erro ao assinar XML: object of type 'cryptography.hazmat.bindings._rust.x509.Certificate' has no len()
[OK_CORRIGIDO] 42082031208172815000160000000004107826020339093432.xml
[ASSINANDO] 42082031208172815000160000000004107926020413316596.xml
Erro ao assinar XML: object of type 'cryptography.hazmat.bindings._rust.x509.Certificate' has no len()
[OK_CORRIGIDO] 42082031208172815000160000000004107926020413316596.xml
[ASSINANDO] 42082031208172815000160000000004108026020613093701.xml
Erro ao assinar XML: object of type 'cryptography.hazmat.bindings._rust.x509.Certificate' has no len()
[OK_CORRIGIDO] 42082031208172815000160000000004108026020613093701.xml
[ASSINANDO] 42082031208172815000160000000004108126020044228261.xml
Erro ao assinar XML: object of type 'cryptography.hazmat.bindings._rust.x509.Certificate' has no len()
[OK_CORRIGIDO] 42082031208172815000160000000004108126020044228261.xml
[ASSINANDO] 42082031208172815000160000000004108226020714864700.xml
Erro ao assinar XML: object of type 'cryptography.hazmat.bindings._rust.x509.Certificate' has no len()
[OK_CORRIGIDO] 42082031208172815000160000000004108226020714864700.xml
[ASSINANDO] 42082031208172815000160000000004108326020486320578.xml
Erro ao assinar XML: object of type 'cryptography.hazmat.bindings._rust.x509.Certificate' has no len()
[OK_CORRIGIDO] 42082031208172815000160000000004108326020486320578.xml
[ASSINANDO] 42082031208172815000160000000004108426020244329402.xml
Erro ao assinar XML: object of type 'cryptography.hazmat.bindings._rust.x509.Certificate' has no len()
[OK_CORRIGIDO] 42082031208172815000160000000004108426020244329402.xml
[ASSINANDO] 42082031208172815000160000000004108626020742082481.xml
Erro ao assinar XML: object of type 'cryptography.hazmat.bindings._rust.x509.Certificate' has no len()
[OK_CORRIGIDO] 42082031208172815000160000000004108626020742082481.xml
[ASSINANDO] 42082031208172815000160000000004108726020030474500.xml
Erro ao assinar XML: object of type 'cryptography.hazmat.bindings._rust.x509.Certificate' has no len()
[OK_CORRIGIDO] 42082031208172815000160000000004108726020030474500.xml
[ASSINANDO] 42082031208172815000160000000004108826020984526494.xml
Erro ao assinar XML: object of type 'cryptography.hazmat.bindings._rust.x509.Certificate' has no len()
[OK_CORRIGIDO] 42082031208172815000160000000004108826020984526494.xml
[ASSINANDO] 42082031208172815000160000000004108926020268078335.xml
Erro ao assinar XML: object of type 'cryptography.hazmat.bindings._rust.x509.Certificate' has no len()
[OK_CORRIGIDO] 42082031208172815000160000000004108926020268078335.xml
[ASSINANDO] 42082031208172815000160000000004109026020175165220.xml
Erro ao assinar XML: object of type 'cryptography.hazmat.bindings._rust.x509.Certificate' has no len()
[OK_CORRIGIDO] 42082031208172815000160000000004109026020175165220.xml
[ASSINANDO] 42082031208172815000160000000004109226020551166212.xml
Erro ao assinar XML: object of type 'cryptography.hazmat.bindings._rust.x509.Certificate' has no len()
[OK_CORRIGIDO] 42082031208172815000160000000004109226020551166212.xml
[ASSINANDO] 42082031208172815000160000000004109326020611380766.xml
Erro ao assinar XML: object of type 'cryptography.hazmat.bindings._rust.x509.Certificate' has no len()
[OK_CORRIGIDO] 42082031208172815000160000000004109326020611380766.xml
[ASSINANDO] 42082031208172815000160000000004109426020572971243.xml
Erro ao assinar XML: object of type 'cryptography.hazmat.bindings._rust.x509.Certificate' has no len()
[OK_CORRIGIDO] 42082031208172815000160000000004109426020572971243.xml
[ASSINANDO] 42082031208172815000160000000004109526020587840143.xml
Erro ao assinar XML: object of type 'cryptography.hazmat.bindings._rust.x509.Certificate' has no len()
[OK_CORRIGIDO] 42082031208172815000160000000004109526020587840143.xml
[ASSINANDO] 42082031208172815000160000000004109626020145300589.xml
Erro ao assinar XML: object of type 'cryptography.hazmat.bindings._rust.x509.Certificate' has no len()
[OK_CORRIGIDO] 42082031208172815000160000000004109626020145300589.xml
[ASSINANDO] 42082031208172815000160000000004109726020849346083.xml
Erro ao assinar XML: object of type 'cryptography.hazmat.bindings._rust.x509.Certificate' has no len()
[OK_CORRIGIDO] 42082031208172815000160000000004109726020849346083.xml
[ASSINANDO] 42082031208172815000160000000004109826020414204157.xml
Erro ao assinar XML: object of type 'cryptography.hazmat.bindings._rust.x509.Certificate' has no len()
[OK_CORRIGIDO] 42082031208172815000160000000004109826020414204157.xml
[ASSINANDO] 42082031208172815000160000000004110026020999442500.xml
Erro ao assinar XML: object of type 'cryptography.hazmat.bindings._rust.x509.Certificate' has no len()
[OK_CORRIGIDO] 42082031208172815000160000000004110026020999442500.xml
[ASSINANDO] 42082031208172815000160000000004110226020001379121.xml
Erro ao assinar XML: object of type 'cryptography.hazmat.bindings._rust.x509.Certificate' has no len()
[OK_CORRIGIDO] 42082031208172815000160000000004110226020001379121.xml
[ASSINANDO] 42082031208172815000160000000004110326020862949384.xml
Erro ao assinar XML: object of type 'cryptography.hazmat.bindings._rust.x509.Certificate' has no len()
[OK_CORRIGIDO] 42082031208172815000160000000004110326020862949384.xml
[ASSINANDO] 42082031208172815000160000000004110426020835536426.xml
Erro ao assinar XML: object of type 'cryptography.hazmat.bindings._rust.x509.Certificate' has no len()
[OK_CORRIGIDO] 42082031208172815000160000000004110426020835536426.xml
[ASSINANDO] 42082031208172815000160000000004110526020529517979.xml
Erro ao assinar XML: object of type 'cryptography.hazmat.bindings._rust.x509.Certificate' has no len()
[OK_CORRIGIDO] 42082031208172815000160000000004110526020529517979.xml
[ASSINANDO] 42082031208172815000160000000004110626020870667083.xml
Erro ao assinar XML: object of type 'cryptography.hazmat.bindings._rust.x509.Certificate' has no len()
[OK_CORRIGIDO] 42082031208172815000160000000004110626020870667083.xml
[ASSINANDO] 42082031208172815000160000000004110726020616991455.xml
Erro ao assinar XML: object of type 'cryptography.hazmat.bindings._rust.x509.Certificate' has no len()
[OK_CORRIGIDO] 42082031208172815000160000000004110726020616991455.xml
[ASSINANDO] 42082031208172815000160000000004110826020145998858.xml
Erro ao assinar XML: object of type 'cryptography.hazmat.bindings._rust.x509.Certificate' has no len()
[OK_CORRIGIDO] 42082031208172815000160000000004110826020145998858.xml
[ASSINANDO] 42082031208172815000160000000004110926020752907565.xml
Erro ao assinar XML: object of type 'cryptography.hazmat.bindings._rust.x509.Certificate' has no len()
[OK_CORRIGIDO] 42082031208172815000160000000004110926020752907565.xml
[ASSINANDO] 42082031208172815000160000000004111026020245905634.xml
Erro ao assinar XML: object of type 'cryptography.hazmat.bindings._rust.x509.Certificate' has no len()
[OK_CORRIGIDO] 42082031208172815000160000000004111026020245905634.xml
[ASSINANDO] 42082031208172815000160000000004111126020666587900.xml
Erro ao assinar XML: object of type 'cryptography.hazmat.bindings._rust.x509.Certificate' has no len()
[OK_CORRIGIDO] 42082031208172815000160000000004111126020666587900.xml
[ASSINANDO] 42082031208172815000160000000004111226020722237127.xml
Erro ao assinar XML: object of type 'cryptography.hazmat.bindings._rust.x509.Certificate' has no len()
[OK_CORRIGIDO] 42082031208172815000160000000004111226020722237127.xml
[ASSINANDO] 42082031208172815000160000000004111326020307197981.xml
Erro ao assinar XML: object of type 'cryptography.hazmat.bindings._rust.x509.Certificate' has no len()
[OK_CORRIGIDO] 42082031208172815000160000000004111326020307197981.xml
[ASSINANDO] 42082031208172815000160000000004111526020745431540.xml
Erro ao assinar XML: object of type 'cryptography.hazmat.bindings._rust.x509.Certificate' has no len()
[OK_CORRIGIDO] 42082031208172815000160000000004111526020745431540.xml
[ASSINANDO] 42082031208172815000160000000004111626020137728338.xml
Erro ao assinar XML: object of type 'cryptography.hazmat.bindings._rust.x509.Certificate' has no len()
[OK_CORRIGIDO] 42082031208172815000160000000004111626020137728338.xml
[ASSINANDO] 42082031208172815000160000000004111726020139561094.xml
Erro ao assinar XML: object of type 'cryptography.hazmat.bindings._rust.x509.Certificate' has no len()
[OK_CORRIGIDO] 42082031208172815000160000000004111726020139561094.xml
[ASSINANDO] 42082031208172815000160000000004111826020391334734.xml
Erro ao assinar XML: object of type 'cryptography.hazmat.bindings._rust.x509.Certificate' has no len()
[OK_CORRIGIDO] 42082031208172815000160000000004111826020391334734.xml
[ASSINANDO] 42082031208172815000160000000004111926020827870240.xml
Erro ao assinar XML: object of type 'cryptography.hazmat.bindings._rust.x509.Certificate' has no len()
[OK_CORRIGIDO] 42082031208172815000160000000004111926020827870240.xml
[ASSINANDO] 42082031208172815000160000000004112026020460215968.xml
Erro ao assinar XML: object of type 'cryptography.hazmat.bindings._rust.x509.Certificate' has no len()
[OK_CORRIGIDO] 42082031208172815000160000000004112026020460215968.xml
[ASSINANDO] 42082031208172815000160000000004112126020204906012.xml
Erro ao assinar XML: object of type 'cryptography.hazmat.bindings._rust.x509.Certificate' has no len()
[OK_CORRIGIDO] 42082031208172815000160000000004112126020204906012.xml
[ASSINANDO] 42082031208172815000160000000004112226020254845274.xml
Erro ao assinar XML: object of type 'cryptography.hazmat.bindings._rust.x509.Certificate' has no len()
[OK_CORRIGIDO] 42082031208172815000160000000004112226020254845274.xml
[ASSINANDO] 42082031208172815000160000000004112326020463301084.xml
Erro ao assinar XML: object of type 'cryptography.hazmat.bindings._rust.x509.Certificate' has no len()
[OK_CORRIGIDO] 42082031208172815000160000000004112326020463301084.xml
[ASSINANDO] 42082031208172815000160000000004112526020228163251.xml
Erro ao assinar XML: object of type 'cryptography.hazmat.bindings._rust.x509.Certificate' has no len()
[OK_CORRIGIDO] 42082031208172815000160000000004112526020228163251.xml
[ASSINANDO] 42082031208172815000160000000004112726020765266120.xml
Erro ao assinar XML: object of type 'cryptography.hazmat.bindings._rust.x509.Certificate' has no len()
[OK_CORRIGIDO] 42082031208172815000160000000004112726020765266120.xml
[ASSINANDO] 42082031208172815000160000000004112826020686340169.xml
Erro ao assinar XML: object of type 'cryptography.hazmat.bindings._rust.x509.Certificate' has no len()
[OK_CORRIGIDO] 42082031208172815000160000000004112826020686340169.xml
[ASSINANDO] 42082031208172815000160000000004112926020683978719.xml
Erro ao assinar XML: object of type 'cryptography.hazmat.bindings._rust.x509.Certificate' has no len()
[OK_CORRIGIDO] 42082031208172815000160000000004112926020683978719.xml
[ASSINANDO] 42082031208172815000160000000004113026020010839467.xml
Erro ao assinar XML: object of type 'cryptography.hazmat.bindings._rust.x509.Certificate' has no len()
[OK_CORRIGIDO] 42082031208172815000160000000004113026020010839467.xml
[ASSINANDO] 42082031208172815000160000000004113126020549478921.xml
Erro ao assinar XML: object of type 'cryptography.hazmat.bindings._rust.x509.Certificate' has no len()
[OK_CORRIGIDO] 42082031208172815000160000000004113126020549478921.xml
[ASSINANDO] 42082031208172815000160000000004113226020464370135.xml
Erro ao assinar XML: object of type 'cryptography.hazmat.bindings._rust.x509.Certificate' has no len()
[OK_CORRIGIDO] 42082031208172815000160000000004113226020464370135.xml
[ASSINANDO] 42082031208172815000160000000004113326020020529720.xml
Erro ao assinar XML: object of type 'cryptography.hazmat.bindings._rust.x509.Certificate' has no len()
[OK_CORRIGIDO] 42082031208172815000160000000004113326020020529720.xml
[ASSINANDO] 42082031208172815000160000000004113626020500002271.xml
Erro ao assinar XML: object of type 'cryptography.hazmat.bindings._rust.x509.Certificate' has no len()
[OK_CORRIGIDO] 42082031208172815000160000000004113626020500002271.xml
[ASSINANDO] 42082031208172815000160000000004113726020554493447.xml
Erro ao assinar XML: object of type 'cryptography.hazmat.bindings._rust.x509.Certificate' has no len()
[OK_CORRIGIDO] 42082031208172815000160000000004113726020554493447.xml
[ASSINANDO] 42082031208172815000160000000004113826020352458482.xml
Erro ao assinar XML: object of type 'cryptography.hazmat.bindings._rust.x509.Certificate' has no len()
[OK_CORRIGIDO] 42082031208172815000160000000004113826020352458482.xml
[ASSINANDO] 42082031208172815000160000000004113926020513956849.xml
Erro ao assinar XML: object of type 'cryptography.hazmat.bindings._rust.x509.Certificate' has no len()
[OK_CORRIGIDO] 42082031208172815000160000000004113926020513956849.xml
[ASSINANDO] 42082031208172815000160000000004114026020045642590.xml
Erro ao assinar XML: object of type 'cryptography.hazmat.bindings._rust.x509.Certificate' has no len()
[OK_CORRIGIDO] 42082031208172815000160000000004114026020045642590.xml
[ASSINANDO] 42082031208172815000160000000004114126020330462794.xml
Erro ao assinar XML: object of type 'cryptography.hazmat.bindings._rust.x509.Certificate' has no len()
[OK_CORRIGIDO] 42082031208172815000160000000004114126020330462794.xml
[ASSINANDO] 42082031208172815000160000000004114226020305939632.xml
Erro ao assinar XML: object of type 'cryptography.hazmat.bindings._rust.x509.Certificate' has no len()
[OK_CORRIGIDO] 42082031208172815000160000000004114226020305939632.xml
[ASSINANDO] 42082031208172815000160000000004114326020062042083.xml
Erro ao assinar XML: object of type 'cryptography.hazmat.bindings._rust.x509.Certificate' has no len()
[OK_CORRIGIDO] 42082031208172815000160000000004114326020062042083.xml
[ASSINANDO] 42082031208172815000160000000004114426020128750947.xml
Erro ao assinar XML: object of type 'cryptography.hazmat.bindings._rust.x509.Certificate' has no len()
[OK_CORRIGIDO] 42082031208172815000160000000004114426020128750947.xml
[ASSINANDO] 42082031208172815000160000000004114526020028805883.xml
Erro ao assinar XML: object of type 'cryptography.hazmat.bindings._rust.x509.Certificate' has no len()
[OK_CORRIGIDO] 42082031208172815000160000000004114526020028805883.xml
[ASSINANDO] 42082031208172815000160000000004114626020643489347.xml
Erro ao assinar XML: object of type 'cryptography.hazmat.bindings._rust.x509.Certificate' has no len()
[OK_CORRIGIDO] 42082031208172815000160000000004114626020643489347.xml
[ASSINANDO] 42082031208172815000160000000004114726020608054546.xml
Erro ao assinar XML: object of type 'cryptography.hazmat.bindings._rust.x509.Certificate' has no len()
[OK_CORRIGIDO] 42082031208172815000160000000004114726020608054546.xml
[ASSINANDO] 42082031208172815000160000000004114826020827178805.xml
Erro ao assinar XML: object of type 'cryptography.hazmat.bindings._rust.x509.Certificate' has no len()
[OK_CORRIGIDO] 42082031208172815000160000000004114826020827178805.xml
[ASSINANDO] 42082031208172815000160000000004114926020438006276.xml
Erro ao assinar XML: object of type 'cryptography.hazmat.bindings._rust.x509.Certificate' has no len()
[OK_CORRIGIDO] 42082031208172815000160000000004114926020438006276.xml
[ASSINANDO] 42082031208172815000160000000004115026020049240782.xml
Erro ao assinar XML: object of type 'cryptography.hazmat.bindings._rust.x509.Certificate' has no len()
[OK_CORRIGIDO] 42082031208172815000160000000004115026020049240782.xml
[ASSINANDO] 42082031208172815000160000000004115126020874224670.xml
Erro ao assinar XML: object of type 'cryptography.hazmat.bindings._rust.x509.Certificate' has no len()
[OK_CORRIGIDO] 42082031208172815000160000000004115126020874224670.xml
[ASSINANDO] 42082031208172815000160000000004115226020830341046.xml
Erro ao assinar XML: object of type 'cryptography.hazmat.bindings._rust.x509.Certificate' has no len()
[OK_CORRIGIDO] 42082031208172815000160000000004115226020830341046.xml
[ASSINANDO] 42082031208172815000160000000004115326020934121763.xml
Erro ao assinar XML: object of type 'cryptography.hazmat.bindings._rust.x509.Certificate' has no len()
[OK_CORRIGIDO] 42082031208172815000160000000004115326020934121763.xml
[ASSINANDO] 42082031208172815000160000000004115426020456521270.xml
Erro ao assinar XML: object of type 'cryptography.hazmat.bindings._rust.x509.Certificate' has no len()
[OK_CORRIGIDO] 42082031208172815000160000000004115426020456521270.xml
[ASSINANDO] 42082031208172815000160000000004115526020327397020.xml
Erro ao assinar XML: object of type 'cryptography.hazmat.bindings._rust.x509.Certificate' has no len()
[OK_CORRIGIDO] 42082031208172815000160000000004115526020327397020.xml
[ASSINANDO] 42082031208172815000160000000004115626020234695857.xml
Erro ao assinar XML: object of type 'cryptography.hazmat.bindings._rust.x509.Certificate' has no len()
[OK_CORRIGIDO] 42082031208172815000160000000004115626020234695857.xml
[ASSINANDO] 42082031208172815000160000000004115726020016779661.xml
Erro ao assinar XML: object of type 'cryptography.hazmat.bindings._rust.x509.Certificate' has no len()
[OK_CORRIGIDO] 42082031208172815000160000000004115726020016779661.xml
[ASSINANDO] 42082031208172815000160000000004115826020382542657.xml
Erro ao assinar XML: object of type 'cryptography.hazmat.bindings._rust.x509.Certificate' has no len()
[OK_CORRIGIDO] 42082031208172815000160000000004115826020382542657.xml
[ASSINANDO] 42082031208172815000160000000004115926020965210018.xml
Erro ao assinar XML: object of type 'cryptography.hazmat.bindings._rust.x509.Certificate' has no len()
[OK_CORRIGIDO] 42082031208172815000160000000004115926020965210018.xml
[ASSINANDO] 42082031208172815000160000000004116026020168422275.xml
Erro ao assinar XML: object of type 'cryptography.hazmat.bindings._rust.x509.Certificate' has no len()
[OK_CORRIGIDO] 42082031208172815000160000000004116026020168422275.xml
[ASSINANDO] 42082031208172815000160000000004116126020179260887.xml
Erro ao assinar XML: object of type 'cryptography.hazmat.bindings._rust.x509.Certificate' has no len()
[OK_CORRIGIDO] 42082031208172815000160000000004116126020179260887.xml
[ASSINANDO] 42082031208172815000160000000004116226020004293984.xml
Erro ao assinar XML: object of type 'cryptography.hazmat.bindings._rust.x509.Certificate' has no len()
[OK_CORRIGIDO] 42082031208172815000160000000004116226020004293984.xml
[ASSINANDO] 42082031208172815000160000000004116326020389886631.xml
Erro ao assinar XML: object of type 'cryptography.hazmat.bindings._rust.x509.Certificate' has no len()
[OK_CORRIGIDO] 42082031208172815000160000000004116326020389886631.xml
[ASSINANDO] 42082031208172815000160000000004116426020206331345.xml
Erro ao assinar XML: object of type 'cryptography.hazmat.bindings._rust.x509.Certificate' has no len()
[OK_CORRIGIDO] 42082031208172815000160000000004116426020206331345.xml
[ASSINANDO] 42082031208172815000160000000004116526020055562550.xml
Erro ao assinar XML: object of type 'cryptography.hazmat.bindings._rust.x509.Certificate' has no len()
[OK_CORRIGIDO] 42082031208172815000160000000004116526020055562550.xml
[ASSINANDO] 42082031208172815000160000000004116626020561926323.xml
Erro ao assinar XML: object of type 'cryptography.hazmat.bindings._rust.x509.Certificate' has no len()
[OK_CORRIGIDO] 42082031208172815000160000000004116626020561926323.xml
[ASSINANDO] 42082031208172815000160000000004116726020983655978.xml
Erro ao assinar XML: object of type 'cryptography.hazmat.bindings._rust.x509.Certificate' has no len()
[OK_CORRIGIDO] 42082031208172815000160000000004116726020983655978.xml
[ASSINANDO] 42082031208172815000160000000004116826020392861065.xml
Erro ao assinar XML: object of type 'cryptography.hazmat.bindings._rust.x509.Certificate' has no len()
[OK_CORRIGIDO] 42082031208172815000160000000004116826020392861065.xml
[ASSINANDO] 42082031208172815000160000000004116926020877779046.xml
Erro ao assinar XML: object of type 'cryptography.hazmat.bindings._rust.x509.Certificate' has no len()
[OK_CORRIGIDO] 42082031208172815000160000000004116926020877779046.xml
[ASSINANDO] 42082031208172815000160000000004117026020197605849.xml
Erro ao assinar XML: object of type 'cryptography.hazmat.bindings._rust.x509.Certificate' has no len()
[OK_CORRIGIDO] 42082031208172815000160000000004117026020197605849.xml
[ASSINANDO] 42082031208172815000160000000004117126020080837638.xml
Erro ao assinar XML: object of type 'cryptography.hazmat.bindings._rust.x509.Certificate' has no len()
[OK_CORRIGIDO] 42082031208172815000160000000004117126020080837638.xml
[ASSINANDO] 42082031208172815000160000000004117226020631725290.xml
Erro ao assinar XML: object of type 'cryptography.hazmat.bindings._rust.x509.Certificate' has no len()
[OK_CORRIGIDO] 42082031208172815000160000000004117226020631725290.xml
[ASSINANDO] 42082031208172815000160000000004117326020355355768.xml
Erro ao assinar XML: object of type 'cryptography.hazmat.bindings._rust.x509.Certificate' has no len()
[OK_CORRIGIDO] 42082031208172815000160000000004117326020355355768.xml
[ASSINANDO] 42082031208172815000160000000004117426020481169386.xml
Erro ao assinar XML: object of type 'cryptography.hazmat.bindings._rust.x509.Certificate' has no len()
[OK_CORRIGIDO] 42082031208172815000160000000004117426020481169386.xml
[ASSINANDO] 42082031208172815000160000000004117526020470306003.xml
Erro ao assinar XML: object of type 'cryptography.hazmat.bindings._rust.x509.Certificate' has no len()
[OK_CORRIGIDO] 42082031208172815000160000000004117526020470306003.xml
[ASSINANDO] 42082031208172815000160000000004117626020081394843.xml
Erro ao assinar XML: object of type 'cryptography.hazmat.bindings._rust.x509.Certificate' has no len()
[OK_CORRIGIDO] 42082031208172815000160000000004117626020081394843.xml
[ASSINANDO] 42082031208172815000160000000004117726020461387346.xml
Erro ao assinar XML: object of type 'cryptography.hazmat.bindings._rust.x509.Certificate' has no len()
[OK_CORRIGIDO] 42082031208172815000160000000004117726020461387346.xml
[ASSINANDO] 42082031208172815000160000000004117826020654859758.xml
Erro ao assinar XML: object of type 'cryptography.hazmat.bindings._rust.x509.Certificate' has no len()
[OK_CORRIGIDO] 42082031208172815000160000000004117826020654859758.xml
[ASSINANDO] 42082031208172815000160000000004117926020243331648.xml
Erro ao assinar XML: object of type 'cryptography.hazmat.bindings._rust.x509.Certificate' has no len()
[OK_CORRIGIDO] 42082031208172815000160000000004117926020243331648.xml
[ASSINANDO] 42082031208172815000160000000004118026020026186046.xml
Erro ao assinar XML: object of type 'cryptography.hazmat.bindings._rust.x509.Certificate' has no len()
[OK_CORRIGIDO] 42082031208172815000160000000004118026020026186046.xml
[ASSINANDO] 42082031208172815000160000000004118126020937284770.xml
Erro ao assinar XML: object of type 'cryptography.hazmat.bindings._rust.x509.Certificate' has no len()
[OK_CORRIGIDO] 42082031208172815000160000000004118126020937284770.xml
[ASSINANDO] 42082031208172815000160000000004118226020777664719.xml
Erro ao assinar XML: object of type 'cryptography.hazmat.bindings._rust.x509.Certificate' has no len()
[OK_CORRIGIDO] 42082031208172815000160000000004118226020777664719.xml
[ASSINANDO] 42082031208172815000160000000004118326020927595184.xml
Erro ao assinar XML: object of type 'cryptography.hazmat.bindings._rust.x509.Certificate' has no len()
[OK_CORRIGIDO] 42082031208172815000160000000004118326020927595184.xml
[ASSINANDO] 42082031208172815000160000000004118426020421179140.xml
Erro ao assinar XML: object of type 'cryptography.hazmat.bindings._rust.x509.Certificate' has no len()
[OK_CORRIGIDO] 42082031208172815000160000000004118426020421179140.xml
[ASSINANDO] 42082031208172815000160000000004118526020525416320.xml
Erro ao assinar XML: object of type 'cryptography.hazmat.bindings._rust.x509.Certificate' has no len()
[OK_CORRIGIDO] 42082031208172815000160000000004118526020525416320.xml
[ASSINANDO] 42082031208172815000160000000004118726020348510530.xml
Erro ao assinar XML: object of type 'cryptography.hazmat.bindings._rust.x509.Certificate' has no len()
[OK_CORRIGIDO] 42082031208172815000160000000004118726020348510530.xml
[ASSINANDO] 42082031208172815000160000000004118826020050070965.xml
Erro ao assinar XML: object of type 'cryptography.hazmat.bindings._rust.x509.Certificate' has no len()
[OK_CORRIGIDO] 42082031208172815000160000000004118826020050070965.xml
[ASSINANDO] 42082031208172815000160000000004118926020203413387.xml
Erro ao assinar XML: object of type 'cryptography.hazmat.bindings._rust.x509.Certificate' has no len()
[OK_CORRIGIDO] 42082031208172815000160000000004118926020203413387.xml
[ASSINANDO] 42082031208172815000160000000004119026020296419984.xml
Erro ao assinar XML: object of type 'cryptography.hazmat.bindings._rust.x509.Certificate' has no len()
[OK_CORRIGIDO] 42082031208172815000160000000004119026020296419984.xml
[ASSINANDO] 42082031208172815000160000000004119126020739010439.xml
Erro ao assinar XML: object of type 'cryptography.hazmat.bindings._rust.x509.Certificate' has no len()
[OK_CORRIGIDO] 42082031208172815000160000000004119126020739010439.xml
[ASSINANDO] 42082031208172815000160000000004119226020375466834.xml
Erro ao assinar XML: object of type 'cryptography.hazmat.bindings._rust.x509.Certificate' has no len()
[OK_CORRIGIDO] 42082031208172815000160000000004119226020375466834.xml
[ASSINANDO] 42082031208172815000160000000004119326020671526890.xml
Erro ao assinar XML: object of type 'cryptography.hazmat.bindings._rust.x509.Certificate' has no len()
[OK_CORRIGIDO] 42082031208172815000160000000004119326020671526890.xml
[ASSINANDO] 42082031208172815000160000000004119426020202792478.xml
Erro ao assinar XML: object of type 'cryptography.hazmat.bindings._rust.x509.Certificate' has no len()
[OK_CORRIGIDO] 42082031208172815000160000000004119426020202792478.xml
[ASSINANDO] 42082031208172815000160000000004119526020729127575.xml
Erro ao assinar XML: object of type 'cryptography.hazmat.bindings._rust.x509.Certificate' has no len()
[OK_CORRIGIDO] 42082031208172815000160000000004119526020729127575.xml
[ASSINANDO] 42082031208172815000160000000004119626020168385930.xml
Erro ao assinar XML: object of type 'cryptography.hazmat.bindings._rust.x509.Certificate' has no len()
[OK_CORRIGIDO] 42082031208172815000160000000004119626020168385930.xml
[ASSINANDO] 42082031208172815000160000000004119726020778078067.xml
Erro ao assinar XML: object of type 'cryptography.hazmat.bindings._rust.x509.Certificate' has no len()
[OK_CORRIGIDO] 42082031208172815000160000000004119726020778078067.xml
[ASSINANDO] 42082031208172815000160000000004119826020358775907.xml
Erro ao assinar XML: object of type 'cryptography.hazmat.bindings._rust.x509.Certificate' has no len()
[OK_CORRIGIDO] 42082031208172815000160000000004119826020358775907.xml
[ASSINANDO] 42082031208172815000160000000004119926020461564291.xml
Erro ao assinar XML: object of type 'cryptography.hazmat.bindings._rust.x509.Certificate' has no len()
[OK_CORRIGIDO] 42082031208172815000160000000004119926020461564291.xml
[ASSINANDO] 42082031208172815000160000000004120026020732253500.xml
Erro ao assinar XML: object of type 'cryptography.hazmat.bindings._rust.x509.Certificate' has no len()
[OK_CORRIGIDO] 42082031208172815000160000000004120026020732253500.xml
[ASSINANDO] 42082031208172815000160000000004120126020772619800.xml
Erro ao assinar XML: object of type 'cryptography.hazmat.bindings._rust.x509.Certificate' has no len()
[OK_CORRIGIDO] 42082031208172815000160000000004120126020772619800.xml
[ASSINANDO] 42082031208172815000160000000004120226020186638201.xml
Erro ao assinar XML: object of type 'cryptography.hazmat.bindings._rust.x509.Certificate' has no len()
[OK_CORRIGIDO] 42082031208172815000160000000004120226020186638201.xml
[ASSINANDO] 42082031208172815000160000000004120326020260075981.xml
Erro ao assinar XML: object of type 'cryptography.hazmat.bindings._rust.x509.Certificate' has no len()
[OK_CORRIGIDO] 42082031208172815000160000000004120326020260075981.xml
[ASSINANDO] 42082031208172815000160000000004120426020910103260.xml
Erro ao assinar XML: object of type 'cryptography.hazmat.bindings._rust.x509.Certificate' has no len()
[OK_CORRIGIDO] 42082031208172815000160000000004120426020910103260.xml
[ASSINANDO] 42082031208172815000160000000004120526020484260976.xml
Erro ao assinar XML: object of type 'cryptography.hazmat.bindings._rust.x509.Certificate' has no len()
[OK_CORRIGIDO] 42082031208172815000160000000004120526020484260976.xml
[ASSINANDO] 42082031208172815000160000000004120626020496145810.xml
Erro ao assinar XML: object of type 'cryptography.hazmat.bindings._rust.x509.Certificate' has no len()
[OK_CORRIGIDO] 42082031208172815000160000000004120626020496145810.xml
[ASSINANDO] 42082031208172815000160000000004120726020424575617.xml
Erro ao assinar XML: object of type 'cryptography.hazmat.bindings._rust.x509.Certificate' has no len()
[OK_CORRIGIDO] 42082031208172815000160000000004120726020424575617.xml
[ASSINANDO] 42082031208172815000160000000004120826020651094745.xml
Erro ao assinar XML: object of type 'cryptography.hazmat.bindings._rust.x509.Certificate' has no len()
[OK_CORRIGIDO] 42082031208172815000160000000004120826020651094745.xml
[ASSINANDO] 42082031208172815000160000000004120926020973863694.xml
Erro ao assinar XML: object of type 'cryptography.hazmat.bindings._rust.x509.Certificate' has no len()
[OK_CORRIGIDO] 42082031208172815000160000000004120926020973863694.xml
[ASSINANDO] 42082031208172815000160000000004121126020502149871.xml
Erro ao assinar XML: object of type 'cryptography.hazmat.bindings._rust.x509.Certificate' has no len()
[OK_CORRIGIDO] 42082031208172815000160000000004121126020502149871.xml
[ASSINANDO] 42082031208172815000160000000004121226020230854337.xml
Erro ao assinar XML: object of type 'cryptography.hazmat.bindings._rust.x509.Certificate' has no len()
[OK_CORRIGIDO] 42082031208172815000160000000004121226020230854337.xml
[ASSINANDO] 42082031208172815000160000000004121326020676997883.xml
Erro ao assinar XML: object of type 'cryptography.hazmat.bindings._rust.x509.Certificate' has no len()
[OK_CORRIGIDO] 42082031208172815000160000000004121326020676997883.xml
[ASSINANDO] 42082031208172815000160000000004121426020828052081.xml
Erro ao assinar XML: object of type 'cryptography.hazmat.bindings._rust.x509.Certificate' has no len()
[OK_CORRIGIDO] 42082031208172815000160000000004121426020828052081.xml
[ASSINANDO] 42082031208172815000160000000004121526020156354012.xml
Erro ao assinar XML: object of type 'cryptography.hazmat.bindings._rust.x509.Certificate' has no len()
[OK_CORRIGIDO] 42082031208172815000160000000004121526020156354012.xml
[ASSINANDO] 42082031208172815000160000000004121626020833673860.xml
Erro ao assinar XML: object of type 'cryptography.hazmat.bindings._rust.x509.Certificate' has no len()
[OK_CORRIGIDO] 42082031208172815000160000000004121626020833673860.xml
[ASSINANDO] 42082031208172815000160000000004121726020232199520.xml
Erro ao assinar XML: object of type 'cryptography.hazmat.bindings._rust.x509.Certificate' has no len()
[OK_CORRIGIDO] 42082031208172815000160000000004121726020232199520.xml
[ASSINANDO] 42082031208172815000160000000004121826020221851187.xml
Erro ao assinar XML: object of type 'cryptography.hazmat.bindings._rust.x509.Certificate' has no len()
[OK_CORRIGIDO] 42082031208172815000160000000004121826020221851187.xml
[ASSINANDO] 42082031208172815000160000000004121926020775748867.xml
Erro ao assinar XML: object of type 'cryptography.hazmat.bindings._rust.x509.Certificate' has no len()
[OK_CORRIGIDO] 42082031208172815000160000000004121926020775748867.xml
[ASSINANDO] 42082031208172815000160000000004122026020484561450.xml
Erro ao assinar XML: object of type 'cryptography.hazmat.bindings._rust.x509.Certificate' has no len()
[OK_CORRIGIDO] 42082031208172815000160000000004122026020484561450.xml
[ASSINANDO] 42082031208172815000160000000004122126020179547168.xml
Erro ao assinar XML: object of type 'cryptography.hazmat.bindings._rust.x509.Certificate' has no len()
[OK_CORRIGIDO] 42082031208172815000160000000004122126020179547168.xml
[ASSINANDO] 42082031208172815000160000000004122226020851370448.xml
Erro ao assinar XML: object of type 'cryptography.hazmat.bindings._rust.x509.Certificate' has no len()
[OK_CORRIGIDO] 42082031208172815000160000000004122226020851370448.xml
[ASSINANDO] 42082031208172815000160000000004122326020212675732.xml
Erro ao assinar XML: object of type 'cryptography.hazmat.bindings._rust.x509.Certificate' has no len()
[OK_CORRIGIDO] 42082031208172815000160000000004122326020212675732.xml
[ASSINANDO] 42082031208172815000160000000004122426020739413936.xml
Erro ao assinar XML: object of type 'cryptography.hazmat.bindings._rust.x509.Certificate' has no len()
[OK_CORRIGIDO] 42082031208172815000160000000004122426020739413936.xml
[ASSINANDO] 42082031208172815000160000000004122526020363891776.xml
Erro ao assinar XML: object of type 'cryptography.hazmat.bindings._rust.x509.Certificate' has no len()
[OK_CORRIGIDO] 42082031208172815000160000000004122526020363891776.xml
[ASSINANDO] 42082031208172815000160000000004122626020310810821.xml
Erro ao assinar XML: object of type 'cryptography.hazmat.bindings._rust.x509.Certificate' has no len()
[OK_CORRIGIDO] 42082031208172815000160000000004122626020310810821.xml
[ASSINANDO] 42082031208172815000160000000004122726020106092758.xml
Erro ao assinar XML: object of type 'cryptography.hazmat.bindings._rust.x509.Certificate' has no len()
[OK_CORRIGIDO] 42082031208172815000160000000004122726020106092758.xml
[ASSINANDO] 42082031208172815000160000000004122826020477743726.xml
Erro ao assinar XML: object of type 'cryptography.hazmat.bindings._rust.x509.Certificate' has no len()
[OK_CORRIGIDO] 42082031208172815000160000000004122826020477743726.xml
[ASSINANDO] 42260208147871000225550010000006061472556771.xml
Erro ao assinar XML: object of type 'cryptography.hazmat.bindings._rust.x509.Certificate' has no len()
[OK] 42260208147871000225550010000006061472556771.xml
[ASSINANDO] 42260213407513000163550010000633321097784456.xml
Erro ao assinar XML: object of type 'cryptography.hazmat.bindings._rust.x509.Certificate' has no len()
[OK] 42260213407513000163550010000633321097784456.xml
[ASSINANDO] 42260261327045000755550010004789481710554540.xml
Erro ao assinar XML: object of type 'cryptography.hazmat.bindings._rust.x509.Certificate' has no len()
[OK] 42260261327045000755550010004789481710554540.xml
[ASSINANDO] 42260300262985000719550010000251981858886332.xml
Erro ao assinar XML: object of type 'cryptography.hazmat.bindings._rust.x509.Certificate' has no len()
[OK] 42260300262985000719550010000251981858886332.xml
[ASSINANDO] 42260300262985000719550010000253531526995342.xml
Erro ao assinar XML: object of type 'cryptography.hazmat.bindings._rust.x509.Certificate' has no len()
[OK] 42260300262985000719550010000253531526995342.xml
[ASSINANDO] 42260300262985000719550010000254831161419490.xml
Erro ao assinar XML: object of type 'cryptography.hazmat.bindings._rust.x509.Certificate' has no len()
[OK] 42260300262985000719550010000254831161419490.xml
[ASSINANDO] 42260300262985000719550010000255171710193630.xml
Erro ao assinar XML: object of type 'cryptography.hazmat.bindings._rust.x509.Certificate' has no len()
[OK] 42260300262985000719550010000255171710193630.xml
[ASSINANDO] 42260300262985000719550010000256601806388030.xml
Erro ao assinar XML: object of type 'cryptography.hazmat.bindings._rust.x509.Certificate' has no len()
[OK] 42260300262985000719550010000256601806388030.xml
[ASSINANDO] 42260300262985000719550010000259241583154999.xml
Erro ao assinar XML: object of type 'cryptography.hazmat.bindings._rust.x509.Certificate' has no len()
[OK] 42260300262985000719550010000259241583154999.xml
[ASSINANDO] 42260300262985000719550010000259361691735728.xml
Erro ao assinar XML: object of type 'cryptography.hazmat.bindings._rust.x509.Certificate' has no len()
[OK] 42260300262985000719550010000259361691735728.xml
[ASSINANDO] 42260300262985000719550010000260581397583404.xml
Erro ao assinar XML: object of type 'cryptography.hazmat.bindings._rust.x509.Certificate' has no len()
[OK] 42260300262985000719550010000260581397583404.xml
[ASSINANDO] 42260300262985000719550010000261241170804381.xml
Erro ao assinar XML: object of type 'cryptography.hazmat.bindings._rust.x509.Certificate' has no len()
[OK] 42260300262985000719550010000261241170804381.xml
[ASSINANDO] 42260304597008000138550050005516601773762298.xml
Erro ao assinar XML: object of type 'cryptography.hazmat.bindings._rust.x509.Certificate' has no len()
[OK] 42260304597008000138550050005516601773762298.xml
[ASSINANDO] 42260305232100000167550010000002141247391239.xml
Erro ao assinar XML: object of type 'cryptography.hazmat.bindings._rust.x509.Certificate' has no len()
[OK] 42260305232100000167550010000002141247391239.xml
[ASSINANDO] 42260308147871000225550010000006181493584779.xml
Erro ao assinar XML: object of type 'cryptography.hazmat.bindings._rust.x509.Certificate' has no len()
[OK] 42260308147871000225550010000006181493584779.xml
[ASSINANDO] 42260308147871000225550010000006241999001992.xml
Erro ao assinar XML: object of type 'cryptography.hazmat.bindings._rust.x509.Certificate' has no len()
[OK] 42260308147871000225550010000006241999001992.xml
[ASSINANDO] 42260308147871000225550010000006341094263506.xml
Erro ao assinar XML: object of type 'cryptography.hazmat.bindings._rust.x509.Certificate' has no len()
[OK] 42260308147871000225550010000006341094263506.xml
[ASSINANDO] 42260308147871000225550010000006421700546708.xml
Erro ao assinar XML: object of type 'cryptography.hazmat.bindings._rust.x509.Certificate' has no len()
[OK] 42260308147871000225550010000006421700546708.xml
[ASSINANDO] 42260308147871000225550010000006511767771664.xml
Erro ao assinar XML: object of type 'cryptography.hazmat.bindings._rust.x509.Certificate' has no len()
[OK] 42260308147871000225550010000006511767771664.xml
[ASSINANDO] 42260308147871000225550010000006571085492560.xml
Erro ao assinar XML: object of type 'cryptography.hazmat.bindings._rust.x509.Certificate' has no len()
[OK] 42260308147871000225550010000006571085492560.xml
[ASSINANDO] 42260311245365000100550010000246691046403279.xml
Erro ao assinar XML: object of type 'cryptography.hazmat.bindings._rust.x509.Certificate' has no len()
[OK] 42260311245365000100550010000246691046403279.xml
[ASSINANDO] 42260318803781000118550010000851921725675905.xml
Erro ao assinar XML: object of type 'cryptography.hazmat.bindings._rust.x509.Certificate' has no len()
[OK] 42260318803781000118550010000851921725675905.xml
[ASSINANDO] 42260325630302003351550010000455121066152790.xml
Erro ao assinar XML: object of type 'cryptography.hazmat.bindings._rust.x509.Certificate' has no len()
[OK] 42260325630302003351550010000455121066152790.xml
[ASSINANDO] 42260326581919000100550010000051951013969833.xml
Erro ao assinar XML: object of type 'cryptography.hazmat.bindings._rust.x509.Certificate' has no len()
[OK] 42260326581919000100550010000051951013969833.xml
[ASSINANDO] 42260342580092001300551100000094531246170747.xml
Erro ao assinar XML: object of type 'cryptography.hazmat.bindings._rust.x509.Certificate' has no len()
[OK] 42260342580092001300551100000094531246170747.xml
[ASSINANDO] 42260342580092006107551100000952451118809593.xml
Erro ao assinar XML: object of type 'cryptography.hazmat.bindings._rust.x509.Certificate' has no len()
[OK] 42260342580092006107551100000952451118809593.xml
[ASSINANDO] 42260342580092006107551100000956811587251372.xml
Erro ao assinar XML: object of type 'cryptography.hazmat.bindings._rust.x509.Certificate' has no len()
[OK] 42260342580092006107551100000956811587251372.xml
[ASSINANDO] 42260345187177000187550010000008961928128774.xml
Erro ao assinar XML: object of type 'cryptography.hazmat.bindings._rust.x509.Certificate' has no len()
[OK] 42260345187177000187550010000008961928128774.xml
[ASSINANDO] 42260345894065000166550010000017091912072015-procNFe.xml
Erro ao assinar XML: object of type 'cryptography.hazmat.bindings._rust.x509.Certificate' has no len()
[OK] 42260345894065000166550010000017091912072015-procNFe.xml
[ASSINANDO] 42260345894065000166550010000017101196363306-procNFe.xml
Erro ao assinar XML: object of type 'cryptography.hazmat.bindings._rust.x509.Certificate' has no len()
[OK] 42260345894065000166550010000017101196363306-procNFe.xml
[ASSINANDO] 42260345894065000166550010000017111013933563-procCanNFe.xml
Erro ao assinar XML: object of type 'cryptography.hazmat.bindings._rust.x509.Certificate' has no len()
[OK] 42260345894065000166550010000017111013933563-procCanNFe.xml
[ASSINANDO] 42260345894065000166550010000017111013933563-procNFe.xml
Erro ao assinar XML: object of type 'cryptography.hazmat.bindings._rust.x509.Certificate' has no len()
[OK] 42260345894065000166550010000017111013933563-procNFe.xml
[ASSINANDO] 42260345894065000166550010000017121406541633-procNFe.xml
Erro ao assinar XML: object of type 'cryptography.hazmat.bindings._rust.x509.Certificate' has no len()
[OK] 42260345894065000166550010000017121406541633-procNFe.xml
[ASSINANDO] 42260345894065000166550010000017131505101442-procNFe.xml
Erro ao assinar XML: object of type 'cryptography.hazmat.bindings._rust.x509.Certificate' has no len()
[OK] 42260345894065000166550010000017131505101442-procNFe.xml
[ASSINANDO] 42260345894065000166550010000017141301013151-procNFe.xml
Erro ao assinar XML: object of type 'cryptography.hazmat.bindings._rust.x509.Certificate' has no len()
[OK] 42260345894065000166550010000017141301013151-procNFe.xml
[ASSINANDO] 42260345894065000166550010000017151560293166-procNFe.xml
Erro ao assinar XML: object of type 'cryptography.hazmat.bindings._rust.x509.Certificate' has no len()
[OK] 42260345894065000166550010000017151560293166-procNFe.xml
[ASSINANDO] 42260345894065000166550010000017161172463444-procNFe.xml
Erro ao assinar XML: object of type 'cryptography.hazmat.bindings._rust.x509.Certificate' has no len()
[OK] 42260345894065000166550010000017161172463444-procNFe.xml
[ASSINANDO] 42260345894065000166550010000017171896861105-procNFe.xml
Erro ao assinar XML: object of type 'cryptography.hazmat.bindings._rust.x509.Certificate' has no len()
[OK] 42260345894065000166550010000017171896861105-procNFe.xml
[ASSINANDO] 42260345894065000166550010000017181202867208-procNFe.xml
Erro ao assinar XML: object of type 'cryptography.hazmat.bindings._rust.x509.Certificate' has no len()
[OK] 42260345894065000166550010000017181202867208-procNFe.xml
[ASSINANDO] 42260345894065000166550010000017191228261614-procNFe.xml
Erro ao assinar XML: object of type 'cryptography.hazmat.bindings._rust.x509.Certificate' has no len()
[OK] 42260345894065000166550010000017191228261614-procNFe.xml
[ASSINANDO] 42260345894065000166550010000017201411909319-procNFe.xml
Erro ao assinar XML: object of type 'cryptography.hazmat.bindings._rust.x509.Certificate' has no len()
[OK] 42260345894065000166550010000017201411909319-procNFe.xml
[ASSINANDO] 42260345894065000166550010000017211937794418-procNFe.xml
Erro ao assinar XML: object of type 'cryptography.hazmat.bindings._rust.x509.Certificate' has no len()
[OK] 42260345894065000166550010000017211937794418-procNFe.xml
[ASSINANDO] 42260345894065000166550010000017221689936657-procNFe.xml
Erro ao assinar XML: object of type 'cryptography.hazmat.bindings._rust.x509.Certificate' has no len()
[OK] 42260345894065000166550010000017221689936657-procNFe.xml
[ASSINANDO] 42260345894065000166550010000017231964960514-procNFe.xml
Erro ao assinar XML: object of type 'cryptography.hazmat.bindings._rust.x509.Certificate' has no len()
[OK] 42260345894065000166550010000017231964960514-procNFe.xml
[ASSINANDO] 42260345894065000166550010000017241607435386-procNFe.xml
Erro ao assinar XML: object of type 'cryptography.hazmat.bindings._rust.x509.Certificate' has no len()
[OK] 42260345894065000166550010000017241607435386-procNFe.xml
[ASSINANDO] 42260345894065000166550010000017251096523185-procNFe.xml
Erro ao assinar XML: object of type 'cryptography.hazmat.bindings._rust.x509.Certificate' has no len()
[OK] 42260345894065000166550010000017251096523185-procNFe.xml
[ASSINANDO] 42260345894065000166550010000017261599508396-procNFe.xml
Erro ao assinar XML: object of type 'cryptography.hazmat.bindings._rust.x509.Certificate' has no len()
[OK] 42260345894065000166550010000017261599508396-procNFe.xml
[ASSINANDO] 42260345894065000166550010000017271945363238-procNFe.xml
Erro ao assinar XML: object of type 'cryptography.hazmat.bindings._rust.x509.Certificate' has no len()
[OK] 42260345894065000166550010000017271945363238-procNFe.xml
[ASSINANDO] 42260345894065000166550010000017281849600060-procNFe.xml
Erro ao assinar XML: object of type 'cryptography.hazmat.bindings._rust.x509.Certificate' has no len()
[OK] 42260345894065000166550010000017281849600060-procNFe.xml
[ASSINANDO] 42260345894065000166550010000017291936886899-procNFe.xml
Erro ao assinar XML: object of type 'cryptography.hazmat.bindings._rust.x509.Certificate' has no len()
[OK] 42260345894065000166550010000017291936886899-procNFe.xml
[ASSINANDO] 42260345894065000166550010000017301062247843-procNFe.xml
Erro ao assinar XML: object of type 'cryptography.hazmat.bindings._rust.x509.Certificate' has no len()
[OK] 42260345894065000166550010000017301062247843-procNFe.xml
[ASSINANDO] 42260345894065000166550010000017311194719677-procNFe.xml
Erro ao assinar XML: object of type 'cryptography.hazmat.bindings._rust.x509.Certificate' has no len()
[OK] 42260345894065000166550010000017311194719677-procNFe.xml
[ASSINANDO] 42260345894065000166550010000017321364485458-procNFe.xml
Erro ao assinar XML: object of type 'cryptography.hazmat.bindings._rust.x509.Certificate' has no len()
[OK] 42260345894065000166550010000017321364485458-procNFe.xml
[ASSINANDO] 42260345894065000166550010000017331544470626-procNFe.xml
Erro ao assinar XML: object of type 'cryptography.hazmat.bindings._rust.x509.Certificate' has no len()
[OK] 42260345894065000166550010000017331544470626-procNFe.xml
[ASSINANDO] 42260345894065000166550010000017341791681957-procNFe.xml
Erro ao assinar XML: object of type 'cryptography.hazmat.bindings._rust.x509.Certificate' has no len()
[OK] 42260345894065000166550010000017341791681957-procNFe.xml
[ASSINANDO] 42260345894065000166550010000017351454230124-procNFe.xml
Erro ao assinar XML: object of type 'cryptography.hazmat.bindings._rust.x509.Certificate' has no len()
[OK] 42260345894065000166550010000017351454230124-procNFe.xml
[ASSINANDO] 42260345894065000166550010000017361550476004-procNFe.xml
Erro ao assinar XML: object of type 'cryptography.hazmat.bindings._rust.x509.Certificate' has no len()
[OK] 42260345894065000166550010000017361550476004-procNFe.xml
[ASSINANDO] 42260345894065000166550010000017371277086160-procNFe.xml
Erro ao assinar XML: object of type 'cryptography.hazmat.bindings._rust.x509.Certificate' has no len()
[OK] 42260345894065000166550010000017371277086160-procNFe.xml
[ASSINANDO] 42260345894065000166550010000017381852294639-procNFe.xml
Erro ao assinar XML: object of type 'cryptography.hazmat.bindings._rust.x509.Certificate' has no len()
[OK] 42260345894065000166550010000017381852294639-procNFe.xml
[ASSINANDO] 42260345894065000166550010000017391875654493-procNFe.xml
Erro ao assinar XML: object of type 'cryptography.hazmat.bindings._rust.x509.Certificate' has no len()
[OK] 42260345894065000166550010000017391875654493-procNFe.xml
[ASSINANDO] 42260345894065000166550010000017401057936535-procNFe.xml
Erro ao assinar XML: object of type 'cryptography.hazmat.bindings._rust.x509.Certificate' has no len()
[OK] 42260345894065000166550010000017401057936535-procNFe.xml
[ASSINANDO] 42260345894065000166550010000017411891888973-procNFe.xml
Erro ao assinar XML: object of type 'cryptography.hazmat.bindings._rust.x509.Certificate' has no len()
[OK] 42260345894065000166550010000017411891888973-procNFe.xml
[ASSINANDO] 42260345894065000166550010000017421612394950-procNFe.xml
Erro ao assinar XML: object of type 'cryptography.hazmat.bindings._rust.x509.Certificate' has no len()
[OK] 42260345894065000166550010000017421612394950-procNFe.xml
[ASSINANDO] 42260345894065000166550010000017431554653428-procNFe.xml
Erro ao assinar XML: object of type 'cryptography.hazmat.bindings._rust.x509.Certificate' has no len()
[OK] 42260345894065000166550010000017431554653428-procNFe.xml
[ASSINANDO] 42260345894065000166550010000017441070090210-procNFe.xml
Erro ao assinar XML: object of type 'cryptography.hazmat.bindings._rust.x509.Certificate' has no len()
[OK] 42260345894065000166550010000017441070090210-procNFe.xml
[ASSINANDO] 42260345894065000166550010000017451924815987-procNFe.xml
Erro ao assinar XML: object of type 'cryptography.hazmat.bindings._rust.x509.Certificate' has no len()
[OK] 42260345894065000166550010000017451924815987-procNFe.xml
[ASSINANDO] 42260345894065000166550010000017461402760100-procNFe.xml
Erro ao assinar XML: object of type 'cryptography.hazmat.bindings._rust.x509.Certificate' has no len()
[OK] 42260345894065000166550010000017461402760100-procNFe.xml
[ASSINANDO] 42260345894065000166550010000017471038537460-procNFe.xml
Erro ao assinar XML: object of type 'cryptography.hazmat.bindings._rust.x509.Certificate' has no len()
[OK] 42260345894065000166550010000017471038537460-procNFe.xml
[ASSINANDO] 42260345894065000166550010000017481061549220-procNFe.xml
Erro ao assinar XML: object of type 'cryptography.hazmat.bindings._rust.x509.Certificate' has no len()
[OK] 42260345894065000166550010000017481061549220-procNFe.xml
[ASSINANDO] 42260345894065000166550010000017491170247150-procNFe.xml
Erro ao assinar XML: object of type 'cryptography.hazmat.bindings._rust.x509.Certificate' has no len()
[OK] 42260345894065000166550010000017491170247150-procNFe.xml
[ASSINANDO] 42260345894065000166550010000017501833991944-procNFe.xml
Erro ao assinar XML: object of type 'cryptography.hazmat.bindings._rust.x509.Certificate' has no len()
[OK] 42260345894065000166550010000017501833991944-procNFe.xml
[ASSINANDO] 42260345894065000166550010000017511048225404-procNFe.xml
Erro ao assinar XML: object of type 'cryptography.hazmat.bindings._rust.x509.Certificate' has no len()
[OK] 42260345894065000166550010000017511048225404-procNFe.xml
[ASSINANDO] 42260345894065000166550010000017521792394470-procNFe.xml
Erro ao assinar XML: object of type 'cryptography.hazmat.bindings._rust.x509.Certificate' has no len()
[OK] 42260345894065000166550010000017521792394470-procNFe.xml
[ASSINANDO] 42260345894065000166550010000017531655768294-procCanNFe.xml
Erro ao assinar XML: object of type 'cryptography.hazmat.bindings._rust.x509.Certificate' has no len()
[OK] 42260345894065000166550010000017531655768294-procCanNFe.xml
[ASSINANDO] 42260345894065000166550010000017531655768294-procNFe.xml
Erro ao assinar XML: object of type 'cryptography.hazmat.bindings._rust.x509.Certificate' has no len()
[OK] 42260345894065000166550010000017531655768294-procNFe.xml
[ASSINANDO] 42260345894065000166550010000017541667484765-procNFe.xml
Erro ao assinar XML: object of type 'cryptography.hazmat.bindings._rust.x509.Certificate' has no len()
[OK] 42260345894065000166550010000017541667484765-procNFe.xml
[ASSINANDO] 42260345894065000166550010000017551347096966-procNFe.xml
Erro ao assinar XML: object of type 'cryptography.hazmat.bindings._rust.x509.Certificate' has no len()
[OK] 42260345894065000166550010000017551347096966-procNFe.xml
[ASSINANDO] 42260345894065000166550010000017561886044803-procNFe.xml
Erro ao assinar XML: object of type 'cryptography.hazmat.bindings._rust.x509.Certificate' has no len()
[OK] 42260345894065000166550010000017561886044803-procNFe.xml
[ASSINANDO] 42260345894065000166550010000017571542643711-procNFe.xml
Erro ao assinar XML: object of type 'cryptography.hazmat.bindings._rust.x509.Certificate' has no len()
[OK] 42260345894065000166550010000017571542643711-procNFe.xml
[ASSINANDO] 42260345894065000166550010000017581254160607-procNFe.xml
Erro ao assinar XML: object of type 'cryptography.hazmat.bindings._rust.x509.Certificate' has no len()
[OK] 42260345894065000166550010000017581254160607-procNFe.xml
[ASSINANDO] 42260345894065000166550010000017591458669556-procNFe.xml
Erro ao assinar XML: object of type 'cryptography.hazmat.bindings._rust.x509.Certificate' has no len()
[OK] 42260345894065000166550010000017591458669556-procNFe.xml
[ASSINANDO] 42260345894065000166550010000017601732129364-procNFe.xml
Erro ao assinar XML: object of type 'cryptography.hazmat.bindings._rust.x509.Certificate' has no len()
[OK] 42260345894065000166550010000017601732129364-procNFe.xml
[ASSINANDO] 42260345894065000166550010000017611204142970-procNFe.xml
Erro ao assinar XML: object of type 'cryptography.hazmat.bindings._rust.x509.Certificate' has no len()
[OK] 42260345894065000166550010000017611204142970-procNFe.xml
[ASSINANDO] 42260345894065000166550010000017621080235367-procNFe.xml
Erro ao assinar XML: object of type 'cryptography.hazmat.bindings._rust.x509.Certificate' has no len()
[OK] 42260345894065000166550010000017621080235367-procNFe.xml
[ASSINANDO] 42260345894065000166550010000017631016305977-procNFe.xml
Erro ao assinar XML: object of type 'cryptography.hazmat.bindings._rust.x509.Certificate' has no len()
[OK] 42260345894065000166550010000017631016305977-procNFe.xml
[ASSINANDO] 42260345894065000166550010000017641591638461-procNFe.xml
Erro ao assinar XML: object of type 'cryptography.hazmat.bindings._rust.x509.Certificate' has no len()
[OK] 42260345894065000166550010000017641591638461-procNFe.xml
[ASSINANDO] 42260345894065000166550010000017651066073160-procCanNFe.xml
Erro ao assinar XML: object of type 'cryptography.hazmat.bindings._rust.x509.Certificate' has no len()
[OK] 42260345894065000166550010000017651066073160-procCanNFe.xml
[ASSINANDO] 42260345894065000166550010000017651066073160-procNFe.xml
Erro ao assinar XML: object of type 'cryptography.hazmat.bindings._rust.x509.Certificate' has no len()
[OK] 42260345894065000166550010000017651066073160-procNFe.xml
[ASSINANDO] 42260345894065000166550010000017661937940262-procNFe.xml
Erro ao assinar XML: object of type 'cryptography.hazmat.bindings._rust.x509.Certificate' has no len()
[OK] 42260345894065000166550010000017661937940262-procNFe.xml
[ASSINANDO] 42260345894065000166550010000017671237225886-procNFe.xml
Erro ao assinar XML: object of type 'cryptography.hazmat.bindings._rust.x509.Certificate' has no len()
[OK] 42260345894065000166550010000017671237225886-procNFe.xml
[ASSINANDO] 42260345894065000166550010000017681945624085-procNFe.xml
Erro ao assinar XML: object of type 'cryptography.hazmat.bindings._rust.x509.Certificate' has no len()
[OK] 42260345894065000166550010000017681945624085-procNFe.xml
[ASSINANDO] 42260345894065000166550010000017691709411119-procNFe.xml
Erro ao assinar XML: object of type 'cryptography.hazmat.bindings._rust.x509.Certificate' has no len()
[OK] 42260345894065000166550010000017691709411119-procNFe.xml
[ASSINANDO] 42260345894065000166550010000017701785035999-procNFe.xml
Erro ao assinar XML: object of type 'cryptography.hazmat.bindings._rust.x509.Certificate' has no len()
[OK] 42260345894065000166550010000017701785035999-procNFe.xml
[ASSINANDO] 42260345894065000166550010000017721428983556-procNFe.xml
Erro ao assinar XML: object of type 'cryptography.hazmat.bindings._rust.x509.Certificate' has no len()
[OK] 42260345894065000166550010000017721428983556-procNFe.xml
[ASSINANDO] 42260345894065000166550010000017731176573429-procNFe.xml
Erro ao assinar XML: object of type 'cryptography.hazmat.bindings._rust.x509.Certificate' has no len()
[OK] 42260345894065000166550010000017731176573429-procNFe.xml
[ASSINANDO] 42260345894065000166550010000017741880011162-procNFe.xml
Erro ao assinar XML: object of type 'cryptography.hazmat.bindings._rust.x509.Certificate' has no len()
[OK] 42260345894065000166550010000017741880011162-procNFe.xml
[ASSINANDO] 42260345894065000166550010000017751818458520-procNFe.xml
Erro ao assinar XML: object of type 'cryptography.hazmat.bindings._rust.x509.Certificate' has no len()
[OK] 42260345894065000166550010000017751818458520-procNFe.xml
[ASSINANDO] 42260345894065000166550010000017761040753958-procNFe.xml
Erro ao assinar XML: object of type 'cryptography.hazmat.bindings._rust.x509.Certificate' has no len()
[OK] 42260345894065000166550010000017761040753958-procNFe.xml
[ASSINANDO] 42260345894065000166550010000017771261397272-procNFe.xml
Erro ao assinar XML: object of type 'cryptography.hazmat.bindings._rust.x509.Certificate' has no len()
[OK] 42260345894065000166550010000017771261397272-procNFe.xml
[ASSINANDO] 42260345894065000166550010000017781236986194-procNFe.xml
Erro ao assinar XML: object of type 'cryptography.hazmat.bindings._rust.x509.Certificate' has no len()
[OK] 42260345894065000166550010000017781236986194-procNFe.xml
[ASSINANDO] 42260345894065000166550010000017791886768083-procNFe.xml
Erro ao assinar XML: object of type 'cryptography.hazmat.bindings._rust.x509.Certificate' has no len()
[OK] 42260345894065000166550010000017791886768083-procNFe.xml
[ASSINANDO] 42260345894065000166550010000017801949525027-procNFe.xml
Erro ao assinar XML: object of type 'cryptography.hazmat.bindings._rust.x509.Certificate' has no len()
[OK] 42260345894065000166550010000017801949525027-procNFe.xml
[ASSINANDO] 42260345894065000166550010000017811975377061-procNFe.xml
Erro ao assinar XML: object of type 'cryptography.hazmat.bindings._rust.x509.Certificate' has no len()
[OK] 42260345894065000166550010000017811975377061-procNFe.xml
[ASSINANDO] 42260345894065000166550010000017821248799478-procNFe.xml
Erro ao assinar XML: object of type 'cryptography.hazmat.bindings._rust.x509.Certificate' has no len()
[OK] 42260345894065000166550010000017821248799478-procNFe.xml
[ASSINANDO] 42260345894065000166550010000017831187765398-procNFe.xml
Erro ao assinar XML: object of type 'cryptography.hazmat.bindings._rust.x509.Certificate' has no len()
[OK] 42260345894065000166550010000017831187765398-procNFe.xml
[ASSINANDO] 42260345894065000166550010000017841677810265-procNFe.xml
Erro ao assinar XML: object of type 'cryptography.hazmat.bindings._rust.x509.Certificate' has no len()
[OK] 42260345894065000166550010000017841677810265-procNFe.xml
[ASSINANDO] 42260345894065000166550010000017851969487607-procNFe.xml
Erro ao assinar XML: object of type 'cryptography.hazmat.bindings._rust.x509.Certificate' has no len()
[OK] 42260345894065000166550010000017851969487607-procNFe.xml
[ASSINANDO] 42260345894065000166550010000017861959596680-procNFe.xml
Erro ao assinar XML: object of type 'cryptography.hazmat.bindings._rust.x509.Certificate' has no len()
[OK] 42260345894065000166550010000017861959596680-procNFe.xml
[ASSINANDO] 42260345894065000166550010000017871877437691-procNFe.xml
Erro ao assinar XML: object of type 'cryptography.hazmat.bindings._rust.x509.Certificate' has no len()
[OK] 42260345894065000166550010000017871877437691-procNFe.xml
[ASSINANDO] 42260345894065000166550010000017881265570029-procNFe.xml
Erro ao assinar XML: object of type 'cryptography.hazmat.bindings._rust.x509.Certificate' has no len()
[OK] 42260345894065000166550010000017881265570029-procNFe.xml
[ASSINANDO] 42260345894065000166550010000017891379250926-procNFe.xml
Erro ao assinar XML: object of type 'cryptography.hazmat.bindings._rust.x509.Certificate' has no len()
[OK] 42260345894065000166550010000017891379250926-procNFe.xml
[ASSINANDO] 42260345894065000166550010000017901320624413-procNFe.xml
Erro ao assinar XML: object of type 'cryptography.hazmat.bindings._rust.x509.Certificate' has no len()
[OK] 42260345894065000166550010000017901320624413-procNFe.xml
[ASSINANDO] 42260345894065000166550010000017911982573462-procNFe.xml
Erro ao assinar XML: object of type 'cryptography.hazmat.bindings._rust.x509.Certificate' has no len()
[OK] 42260345894065000166550010000017911982573462-procNFe.xml
[ASSINANDO] 42260345894065000166550010000017921755896373-procNFe.xml
Erro ao assinar XML: object of type 'cryptography.hazmat.bindings._rust.x509.Certificate' has no len()
[OK] 42260345894065000166550010000017921755896373-procNFe.xml
[ASSINANDO] 42260345894065000166550010000017931896084712-procNFe.xml
Erro ao assinar XML: object of type 'cryptography.hazmat.bindings._rust.x509.Certificate' has no len()
[OK] 42260345894065000166550010000017931896084712-procNFe.xml
[ASSINANDO] 42260345894065000166550010000017941509264689-procNFe.xml
Erro ao assinar XML: object of type 'cryptography.hazmat.bindings._rust.x509.Certificate' has no len()
[OK] 42260345894065000166550010000017941509264689-procNFe.xml
[ASSINANDO] 42260345894065000166550010000017951895135130-procNFe.xml
Erro ao assinar XML: object of type 'cryptography.hazmat.bindings._rust.x509.Certificate' has no len()
[OK] 42260345894065000166550010000017951895135130-procNFe.xml
[ASSINANDO] 42260345894065000166550010000017961360901110-procNFe.xml
Erro ao assinar XML: object of type 'cryptography.hazmat.bindings._rust.x509.Certificate' has no len()
[OK] 42260345894065000166550010000017961360901110-procNFe.xml
[ASSINANDO] 42260345894065000166550010000017971860570977-procNFe.xml
Erro ao assinar XML: object of type 'cryptography.hazmat.bindings._rust.x509.Certificate' has no len()
[OK] 42260345894065000166550010000017971860570977-procNFe.xml
[ASSINANDO] 42260345894065000166550010000017981646156747-procNFe.xml
Erro ao assinar XML: object of type 'cryptography.hazmat.bindings._rust.x509.Certificate' has no len()
[OK] 42260345894065000166550010000017981646156747-procNFe.xml
[ASSINANDO] 42260345894065000166550010000017991177084088-procNFe.xml
Erro ao assinar XML: object of type 'cryptography.hazmat.bindings._rust.x509.Certificate' has no len()
[OK] 42260345894065000166550010000017991177084088-procNFe.xml
[ASSINANDO] 42260345894065000166550010000018001225565381-procNFe.xml
Erro ao assinar XML: object of type 'cryptography.hazmat.bindings._rust.x509.Certificate' has no len()
[OK] 42260345894065000166550010000018001225565381-procNFe.xml
[ASSINANDO] 42260345894065000166550010000018011297254770-procNFe.xml
Erro ao assinar XML: object of type 'cryptography.hazmat.bindings._rust.x509.Certificate' has no len()
[OK] 42260345894065000166550010000018011297254770-procNFe.xml
[ASSINANDO] 42260345894065000166550010000018021264742129-procNFe.xml
Erro ao assinar XML: object of type 'cryptography.hazmat.bindings._rust.x509.Certificate' has no len()
[OK] 42260345894065000166550010000018021264742129-procNFe.xml
[ASSINANDO] 42260345894065000166550010000018031572998318-procNFe.xml
Erro ao assinar XML: object of type 'cryptography.hazmat.bindings._rust.x509.Certificate' has no len()
[OK] 42260345894065000166550010000018031572998318-procNFe.xml
[ASSINANDO] 42260345894065000166550010000018041734193651-procNFe.xml
Erro ao assinar XML: object of type 'cryptography.hazmat.bindings._rust.x509.Certificate' has no len()
[OK] 42260345894065000166550010000018041734193651-procNFe.xml
[ASSINANDO] 42260345894065000166550010000018051649874990-procNFe.xml
Erro ao assinar XML: object of type 'cryptography.hazmat.bindings._rust.x509.Certificate' has no len()
[OK] 42260345894065000166550010000018051649874990-procNFe.xml
[ASSINANDO] 42260345894065000166550010000018061006892658-procNFe.xml
Erro ao assinar XML: object of type 'cryptography.hazmat.bindings._rust.x509.Certificate' has no len()
[OK] 42260345894065000166550010000018061006892658-procNFe.xml
[ASSINANDO] 42260345894065000166550010000018071383984173-procNFe.xml
Erro ao assinar XML: object of type 'cryptography.hazmat.bindings._rust.x509.Certificate' has no len()
[OK] 42260345894065000166550010000018071383984173-procNFe.xml
[ASSINANDO] 42260345894065000166550010000018081761837741-procNFe.xml
Erro ao assinar XML: object of type 'cryptography.hazmat.bindings._rust.x509.Certificate' has no len()
[OK] 42260345894065000166550010000018081761837741-procNFe.xml
[ASSINANDO] 42260345894065000166550010000018091530768954-procNFe.xml
Erro ao assinar XML: object of type 'cryptography.hazmat.bindings._rust.x509.Certificate' has no len()
[OK] 42260345894065000166550010000018091530768954-procNFe.xml
[ASSINANDO] 42260345894065000166550010000018101108605030-procNFe.xml
Erro ao assinar XML: object of type 'cryptography.hazmat.bindings._rust.x509.Certificate' has no len()
[OK] 42260345894065000166550010000018101108605030-procNFe.xml
[ASSINANDO] 42260345894065000166550010000018111266328400-procNFe.xml
Erro ao assinar XML: object of type 'cryptography.hazmat.bindings._rust.x509.Certificate' has no len()
[OK] 42260345894065000166550010000018111266328400-procNFe.xml
[ASSINANDO] 42260345894065000166550010000018121846203995-procNFe.xml
Erro ao assinar XML: object of type 'cryptography.hazmat.bindings._rust.x509.Certificate' has no len()
[OK] 42260345894065000166550010000018121846203995-procNFe.xml
[ASSINANDO] 42260345894065000166550010000018131977293987-procNFe.xml
Erro ao assinar XML: object of type 'cryptography.hazmat.bindings._rust.x509.Certificate' has no len()
[OK] 42260345894065000166550010000018131977293987-procNFe.xml
[ASSINANDO] 42260345894065000166550010000018141645358295-procNFe.xml
Erro ao assinar XML: object of type 'cryptography.hazmat.bindings._rust.x509.Certificate' has no len()
[OK] 42260345894065000166550010000018141645358295-procNFe.xml
[ASSINANDO] 42260345894065000166550010000018151757547585-procCanNFe.xml
Erro ao assinar XML: object of type 'cryptography.hazmat.bindings._rust.x509.Certificate' has no len()
[OK] 42260345894065000166550010000018151757547585-procCanNFe.xml
[ASSINANDO] 42260345894065000166550010000018151757547585-procNFe.xml
Erro ao assinar XML: object of type 'cryptography.hazmat.bindings._rust.x509.Certificate' has no len()
[OK] 42260345894065000166550010000018151757547585-procNFe.xml
[ASSINANDO] 42260345894065000166550010000018161657759561-procNFe.xml
Erro ao assinar XML: object of type 'cryptography.hazmat.bindings._rust.x509.Certificate' has no len()
[OK] 42260345894065000166550010000018161657759561-procNFe.xml
[ASSINANDO] 42260345894065000166550010000018171431679130-procNFe.xml
Erro ao assinar XML: object of type 'cryptography.hazmat.bindings._rust.x509.Certificate' has no len()
[OK] 42260345894065000166550010000018171431679130-procNFe.xml
[ASSINANDO] 42260345894065000166550010000018181161159439-procNFe.xml
Erro ao assinar XML: object of type 'cryptography.hazmat.bindings._rust.x509.Certificate' has no len()
[OK] 42260345894065000166550010000018181161159439-procNFe.xml
[ASSINANDO] 42260345894065000166550010000018191962252418-procNFe.xml
Erro ao assinar XML: object of type 'cryptography.hazmat.bindings._rust.x509.Certificate' has no len()
[OK] 42260345894065000166550010000018191962252418-procNFe.xml
[ASSINANDO] 42260345894065000166550010000018201926507410-procNFe.xml
Erro ao assinar XML: object of type 'cryptography.hazmat.bindings._rust.x509.Certificate' has no len()
[OK] 42260345894065000166550010000018201926507410-procNFe.xml
[ASSINANDO] 42260345894065000166550010000018211941393541-procNFe.xml
Erro ao assinar XML: object of type 'cryptography.hazmat.bindings._rust.x509.Certificate' has no len()
[OK] 42260345894065000166550010000018211941393541-procNFe.xml
[ASSINANDO] 42260345894065000166550010000018221405602320-procNFe.xml
Erro ao assinar XML: object of type 'cryptography.hazmat.bindings._rust.x509.Certificate' has no len()
[OK] 42260345894065000166550010000018221405602320-procNFe.xml
[ASSINANDO] 42260345894065000166550010000018231141694347-procNFe.xml
Erro ao assinar XML: object of type 'cryptography.hazmat.bindings._rust.x509.Certificate' has no len()
[OK] 42260345894065000166550010000018231141694347-procNFe.xml
[ASSINANDO] 42260345894065000166550010000018241232568333-procNFe.xml
Erro ao assinar XML: object of type 'cryptography.hazmat.bindings._rust.x509.Certificate' has no len()
[OK] 42260345894065000166550010000018241232568333-procNFe.xml
[ASSINANDO] 42260345894065000166550010000018251394037756-procNFe.xml
Erro ao assinar XML: object of type 'cryptography.hazmat.bindings._rust.x509.Certificate' has no len()
[OK] 42260345894065000166550010000018251394037756-procNFe.xml
[ASSINANDO] 42260345894065000166550010000018261851439280-procNFe.xml
Erro ao assinar XML: object of type 'cryptography.hazmat.bindings._rust.x509.Certificate' has no len()
[OK] 42260345894065000166550010000018261851439280-procNFe.xml
[ASSINANDO] 42260345894065000166550010000018271321040271-procNFe.xml
Erro ao assinar XML: object of type 'cryptography.hazmat.bindings._rust.x509.Certificate' has no len()
[OK] 42260345894065000166550010000018271321040271-procNFe.xml
[ASSINANDO] 42260345894065000166550010000018281790803828-procNFe.xml
Erro ao assinar XML: object of type 'cryptography.hazmat.bindings._rust.x509.Certificate' has no len()
[OK] 42260345894065000166550010000018281790803828-procNFe.xml
[ASSINANDO] 42260345894065000166550010000018291975809153-procCanNFe.xml
Erro ao assinar XML: object of type 'cryptography.hazmat.bindings._rust.x509.Certificate' has no len()
[OK] 42260345894065000166550010000018291975809153-procCanNFe.xml
[ASSINANDO] 42260345894065000166550010000018291975809153-procNFe.xml
Erro ao assinar XML: object of type 'cryptography.hazmat.bindings._rust.x509.Certificate' has no len()
[OK] 42260345894065000166550010000018291975809153-procNFe.xml
[ASSINANDO] 42260345894065000166550010000018301419001660-procNFe.xml
Erro ao assinar XML: object of type 'cryptography.hazmat.bindings._rust.x509.Certificate' has no len()
[OK] 42260345894065000166550010000018301419001660-procNFe.xml
[ASSINANDO] 42260345894065000166550010000018311956110415-procNFe.xml
Erro ao assinar XML: object of type 'cryptography.hazmat.bindings._rust.x509.Certificate' has no len()
[OK] 42260345894065000166550010000018311956110415-procNFe.xml
[ASSINANDO] 42260345894065000166550010000018321471345442-procNFe.xml
Erro ao assinar XML: object of type 'cryptography.hazmat.bindings._rust.x509.Certificate' has no len()
[OK] 42260345894065000166550010000018321471345442-procNFe.xml
[ASSINANDO] 42260345894065000166550010000018331248494651-procNFe.xml
Erro ao assinar XML: object of type 'cryptography.hazmat.bindings._rust.x509.Certificate' has no len()
[OK] 42260345894065000166550010000018331248494651-procNFe.xml
[ASSINANDO] 42260345894065000166550010000018341249222768-procNFe.xml
Erro ao assinar XML: object of type 'cryptography.hazmat.bindings._rust.x509.Certificate' has no len()
[OK] 42260345894065000166550010000018341249222768-procNFe.xml
[ASSINANDO] 42260345894065000166550010000018351754669682-procNFe.xml
Erro ao assinar XML: object of type 'cryptography.hazmat.bindings._rust.x509.Certificate' has no len()
[OK] 42260345894065000166550010000018351754669682-procNFe.xml
[ASSINANDO] 42260345894065000166550010000018361282138198-procNFe.xml
Erro ao assinar XML: object of type 'cryptography.hazmat.bindings._rust.x509.Certificate' has no len()
[OK] 42260345894065000166550010000018361282138198-procNFe.xml
[ASSINANDO] 42260345894065000166550010000018371835356433-procNFe.xml
Erro ao assinar XML: object of type 'cryptography.hazmat.bindings._rust.x509.Certificate' has no len()
[OK] 42260345894065000166550010000018371835356433-procNFe.xml
[ASSINANDO] 42260345894065000166550010000018381273363014-procNFe.xml
Erro ao assinar XML: object of type 'cryptography.hazmat.bindings._rust.x509.Certificate' has no len()
[OK] 42260345894065000166550010000018381273363014-procNFe.xml
[ASSINANDO] 42260345894065000166550010000018391110488494-procNFe.xml
Erro ao assinar XML: object of type 'cryptography.hazmat.bindings._rust.x509.Certificate' has no len()
[OK] 42260345894065000166550010000018391110488494-procNFe.xml
[ASSINANDO] 42260345894065000166550010000018401460595576-procNFe.xml
Erro ao assinar XML: object of type 'cryptography.hazmat.bindings._rust.x509.Certificate' has no len()
[OK] 42260345894065000166550010000018401460595576-procNFe.xml
[ASSINANDO] 42260345894065000166550010000018411426762691-procNFe.xml
Erro ao assinar XML: object of type 'cryptography.hazmat.bindings._rust.x509.Certificate' has no len()
[OK] 42260345894065000166550010000018411426762691-procNFe.xml
[ASSINANDO] 42260345894065000166550010000018421921410068-procNFe.xml
Erro ao assinar XML: object of type 'cryptography.hazmat.bindings._rust.x509.Certificate' has no len()
[OK] 42260345894065000166550010000018421921410068-procNFe.xml
[ASSINANDO] 42260345894065000166550010000018431903390279-procNFe.xml
Erro ao assinar XML: object of type 'cryptography.hazmat.bindings._rust.x509.Certificate' has no len()
[OK] 42260345894065000166550010000018431903390279-procNFe.xml
[ASSINANDO] 42260345894065000166550010000018441061890301-procNFe.xml
Erro ao assinar XML: object of type 'cryptography.hazmat.bindings._rust.x509.Certificate' has no len()
[OK] 42260345894065000166550010000018441061890301-procNFe.xml
[ASSINANDO] 42260345894065000166550010000018451327853426-procNFe.xml
Erro ao assinar XML: object of type 'cryptography.hazmat.bindings._rust.x509.Certificate' has no len()
[OK] 42260345894065000166550010000018451327853426-procNFe.xml
[ASSINANDO] 42260345894065000166550010000018461830454177-procNFe.xml
Erro ao assinar XML: object of type 'cryptography.hazmat.bindings._rust.x509.Certificate' has no len()
[OK] 42260345894065000166550010000018461830454177-procNFe.xml
[ASSINANDO] 42260345894065000166550010000018471830411947-procNFe.xml
Erro ao assinar XML: object of type 'cryptography.hazmat.bindings._rust.x509.Certificate' has no len()
[OK] 42260345894065000166550010000018471830411947-procNFe.xml
[ASSINANDO] 42260345894065000166550010000018481312989582-procNFe.xml
Erro ao assinar XML: object of type 'cryptography.hazmat.bindings._rust.x509.Certificate' has no len()
[OK] 42260345894065000166550010000018481312989582-procNFe.xml
[ASSINANDO] 42260345894065000166550010000018491733941290-procNFe.xml
Erro ao assinar XML: object of type 'cryptography.hazmat.bindings._rust.x509.Certificate' has no len()
[OK] 42260345894065000166550010000018491733941290-procNFe.xml
[ASSINANDO] 42260345894065000166550010000018501160871035-procNFe.xml
Erro ao assinar XML: object of type 'cryptography.hazmat.bindings._rust.x509.Certificate' has no len()
[OK] 42260345894065000166550010000018501160871035-procNFe.xml
[ASSINANDO] 42260345894065000166550010000018511531456216-procNFe.xml
Erro ao assinar XML: object of type 'cryptography.hazmat.bindings._rust.x509.Certificate' has no len()
[OK] 42260345894065000166550010000018511531456216-procNFe.xml
[ASSINANDO] 42260345894065000166550010000018521975300216-procNFe.xml
Erro ao assinar XML: object of type 'cryptography.hazmat.bindings._rust.x509.Certificate' has no len()
[OK] 42260345894065000166550010000018521975300216-procNFe.xml
[ASSINANDO] 42260345894065000166550010000018531907411072-procNFe.xml
Erro ao assinar XML: object of type 'cryptography.hazmat.bindings._rust.x509.Certificate' has no len()
[OK] 42260345894065000166550010000018531907411072-procNFe.xml
[ASSINANDO] 42260345894065000166550010000018541904651371-procNFe.xml
Erro ao assinar XML: object of type 'cryptography.hazmat.bindings._rust.x509.Certificate' has no len()
[OK] 42260345894065000166550010000018541904651371-procNFe.xml
[ASSINANDO] 42260345894065000166550010000018551065636691-procNFe.xml
Erro ao assinar XML: object of type 'cryptography.hazmat.bindings._rust.x509.Certificate' has no len()
[OK] 42260345894065000166550010000018551065636691-procNFe.xml
[ASSINANDO] 42260345894065000166550010000018561916913150-procNFe.xml
Erro ao assinar XML: object of type 'cryptography.hazmat.bindings._rust.x509.Certificate' has no len()
[OK] 42260345894065000166550010000018561916913150-procNFe.xml
[ASSINANDO] 42260345894065000166550010000018571038881480-procNFe.xml
Erro ao assinar XML: object of type 'cryptography.hazmat.bindings._rust.x509.Certificate' has no len()
[OK] 42260345894065000166550010000018571038881480-procNFe.xml
[ASSINANDO] 42260345894065000166550010000018581398958547-procNFe.xml
Erro ao assinar XML: object of type 'cryptography.hazmat.bindings._rust.x509.Certificate' has no len()
[OK] 42260345894065000166550010000018581398958547-procNFe.xml
[ASSINANDO] 42260345894065000166550010000018591238359057-procNFe.xml
Erro ao assinar XML: object of type 'cryptography.hazmat.bindings._rust.x509.Certificate' has no len()
[OK] 42260345894065000166550010000018591238359057-procNFe.xml
[ASSINANDO] 42260345894065000166550010000018601970242589-procNFe.xml
Erro ao assinar XML: object of type 'cryptography.hazmat.bindings._rust.x509.Certificate' has no len()
[OK] 42260345894065000166550010000018601970242589-procNFe.xml
[ASSINANDO] 42260345894065000166550010000018611107190413-procNFe.xml
Erro ao assinar XML: object of type 'cryptography.hazmat.bindings._rust.x509.Certificate' has no len()
[OK] 42260345894065000166550010000018611107190413-procNFe.xml
[ASSINANDO] 42260345894065000166550010000018621133250794-procNFe.xml
Erro ao assinar XML: object of type 'cryptography.hazmat.bindings._rust.x509.Certificate' has no len()
[OK] 42260345894065000166550010000018621133250794-procNFe.xml
[ASSINANDO] 42260345894065000166550010000018631278099520-procNFe.xml
Erro ao assinar XML: object of type 'cryptography.hazmat.bindings._rust.x509.Certificate' has no len()
[OK] 42260345894065000166550010000018631278099520-procNFe.xml
[ASSINANDO] 42260345894065000166550010000018641703066028-procNFe.xml
Erro ao assinar XML: object of type 'cryptography.hazmat.bindings._rust.x509.Certificate' has no len()
[OK] 42260345894065000166550010000018641703066028-procNFe.xml
[ASSINANDO] 42260345894065000166550010000018651539992368-procNFe.xml
Erro ao assinar XML: object of type 'cryptography.hazmat.bindings._rust.x509.Certificate' has no len()
[OK] 42260345894065000166550010000018651539992368-procNFe.xml
[ASSINANDO] 42260345894065000166550010000018661033791903-procNFe.xml
Erro ao assinar XML: object of type 'cryptography.hazmat.bindings._rust.x509.Certificate' has no len()
[OK] 42260345894065000166550010000018661033791903-procNFe.xml
[ASSINANDO] 42260345894065000166550010000018671426398406-procNFe.xml
Erro ao assinar XML: object of type 'cryptography.hazmat.bindings._rust.x509.Certificate' has no len()
[OK] 42260345894065000166550010000018671426398406-procNFe.xml
[ASSINANDO] 42260345894065000166550010000018681671560480-procNFe.xml
Erro ao assinar XML: object of type 'cryptography.hazmat.bindings._rust.x509.Certificate' has no len()
[OK] 42260345894065000166550010000018681671560480-procNFe.xml
[ASSINANDO] 42260345894065000166550010000018691278154380-procNFe.xml
Erro ao assinar XML: object of type 'cryptography.hazmat.bindings._rust.x509.Certificate' has no len()
[OK] 42260345894065000166550010000018691278154380-procNFe.xml
[ASSINANDO] 42260345894065000166550010000018701831092509-procNFe.xml
Erro ao assinar XML: object of type 'cryptography.hazmat.bindings._rust.x509.Certificate' has no len()
[OK] 42260345894065000166550010000018701831092509-procNFe.xml
[ASSINANDO] 42260345894065000166550010000018711866002058-procNFe.xml
Erro ao assinar XML: object of type 'cryptography.hazmat.bindings._rust.x509.Certificate' has no len()
[OK] 42260345894065000166550010000018711866002058-procNFe.xml
[ASSINANDO] 42260345894065000166550010000018721753200692-procNFe.xml
Erro ao assinar XML: object of type 'cryptography.hazmat.bindings._rust.x509.Certificate' has no len()
[OK] 42260345894065000166550010000018721753200692-procNFe.xml
[ASSINANDO] 42260345894065000166550010000018731515348525-procNFe.xml
Erro ao assinar XML: object of type 'cryptography.hazmat.bindings._rust.x509.Certificate' has no len()
[OK] 42260345894065000166550010000018731515348525-procNFe.xml
[ASSINANDO] 42260345894065000166550010000018741521132250-procNFe.xml
Erro ao assinar XML: object of type 'cryptography.hazmat.bindings._rust.x509.Certificate' has no len()
[OK] 42260345894065000166550010000018741521132250-procNFe.xml
[ASSINANDO] 42260345894065000166550010000018751052924785-procNFe.xml
Erro ao assinar XML: object of type 'cryptography.hazmat.bindings._rust.x509.Certificate' has no len()
[OK] 42260345894065000166550010000018751052924785-procNFe.xml
[ASSINANDO] 42260345894065000166550010000018761036727226-procCCe.xml
Erro ao assinar XML: object of type 'cryptography.hazmat.bindings._rust.x509.Certificate' has no len()
[OK] 42260345894065000166550010000018761036727226-procCCe.xml
[ASSINANDO] 42260345894065000166550010000018761036727226-procNFe.xml
Erro ao assinar XML: object of type 'cryptography.hazmat.bindings._rust.x509.Certificate' has no len()
[OK] 42260345894065000166550010000018761036727226-procNFe.xml
[ASSINANDO] 42260345894065000166550010000018771456833085-procNFe.xml
Erro ao assinar XML: object of type 'cryptography.hazmat.bindings._rust.x509.Certificate' has no len()
[OK] 42260345894065000166550010000018771456833085-procNFe.xml
[ASSINANDO] 42260345894065000166550010000018781568968451-procNFe.xml
Erro ao assinar XML: object of type 'cryptography.hazmat.bindings._rust.x509.Certificate' has no len()
[OK] 42260345894065000166550010000018781568968451-procNFe.xml
[ASSINANDO] 42260345894065000166550010000018791154999538-procNFe.xml
Erro ao assinar XML: object of type 'cryptography.hazmat.bindings._rust.x509.Certificate' has no len()
[OK] 42260345894065000166550010000018791154999538-procNFe.xml
[ASSINANDO] 42260345894065000166550010000018801985371536-procNFe.xml
Erro ao assinar XML: object of type 'cryptography.hazmat.bindings._rust.x509.Certificate' has no len()
[OK] 42260345894065000166550010000018801985371536-procNFe.xml
[ASSINANDO] 42260345894065000166550010000018811015954002-procNFe.xml
Erro ao assinar XML: object of type 'cryptography.hazmat.bindings._rust.x509.Certificate' has no len()
[OK] 42260345894065000166550010000018811015954002-procNFe.xml
[ASSINANDO] 42260345894065000166550010000018821683291160-procNFe.xml
Erro ao assinar XML: object of type 'cryptography.hazmat.bindings._rust.x509.Certificate' has no len()
[OK] 42260345894065000166550010000018821683291160-procNFe.xml
[ASSINANDO] 42260345894065000166550010000018831086592167-procNFe.xml
Erro ao assinar XML: object of type 'cryptography.hazmat.bindings._rust.x509.Certificate' has no len()
[OK] 42260345894065000166550010000018831086592167-procNFe.xml
[ASSINANDO] 42260345894065000166550010000018841529819944-procNFe.xml
Erro ao assinar XML: object of type 'cryptography.hazmat.bindings._rust.x509.Certificate' has no len()
[OK] 42260345894065000166550010000018841529819944-procNFe.xml
[ASSINANDO] 42260345894065000166550010000018851279423205-procNFe.xml
Erro ao assinar XML: object of type 'cryptography.hazmat.bindings._rust.x509.Certificate' has no len()
[OK] 42260345894065000166550010000018851279423205-procNFe.xml
[ASSINANDO] 42260345894065000166550010000018861749107530-procNFe.xml
Erro ao assinar XML: object of type 'cryptography.hazmat.bindings._rust.x509.Certificate' has no len()
[OK] 42260345894065000166550010000018861749107530-procNFe.xml
[ASSINANDO] 42260345894065000166550010000018871562072986-procNFe.xml
Erro ao assinar XML: object of type 'cryptography.hazmat.bindings._rust.x509.Certificate' has no len()
[OK] 42260345894065000166550010000018871562072986-procNFe.xml
[ASSINANDO] 42260345894065000166550010000018881055292257-procNFe.xml
Erro ao assinar XML: object of type 'cryptography.hazmat.bindings._rust.x509.Certificate' has no len()
[OK] 42260345894065000166550010000018881055292257-procNFe.xml
[ASSINANDO] 42260345894065000166550010000018891954220434-procNFe.xml
Erro ao assinar XML: object of type 'cryptography.hazmat.bindings._rust.x509.Certificate' has no len()
[OK] 42260345894065000166550010000018891954220434-procNFe.xml
[ASSINANDO] 42260345894065000166550010000018901330284181-procNFe.xml
Erro ao assinar XML: object of type 'cryptography.hazmat.bindings._rust.x509.Certificate' has no len()
[OK] 42260345894065000166550010000018901330284181-procNFe.xml
[ASSINANDO] 42260345894065000166550010000018911934160736-procNFe.xml
Erro ao assinar XML: object of type 'cryptography.hazmat.bindings._rust.x509.Certificate' has no len()
[OK] 42260345894065000166550010000018911934160736-procNFe.xml
[ASSINANDO] 42260345894065000166550010000018921388950057-procNFe.xml
Erro ao assinar XML: object of type 'cryptography.hazmat.bindings._rust.x509.Certificate' has no len()
[OK] 42260345894065000166550010000018921388950057-procNFe.xml
[ASSINANDO] 42260345894065000166550010000018931535857401-procNFe.xml
Erro ao assinar XML: object of type 'cryptography.hazmat.bindings._rust.x509.Certificate' has no len()
[OK] 42260345894065000166550010000018931535857401-procNFe.xml
[ASSINANDO] 42260345894065000166550010000018941739810818-procNFe.xml
Erro ao assinar XML: object of type 'cryptography.hazmat.bindings._rust.x509.Certificate' has no len()
[OK] 42260345894065000166550010000018941739810818-procNFe.xml
[ASSINANDO] 42260358248352001384550010006373671260972436.xml
Erro ao assinar XML: object of type 'cryptography.hazmat.bindings._rust.x509.Certificate' has no len()
[OK] 42260358248352001384550010006373671260972436.xml
[ASSINANDO] 42260361327045000755550010004792311286418730.xml
Erro ao assinar XML: object of type 'cryptography.hazmat.bindings._rust.x509.Certificate' has no len()
[OK] 42260361327045000755550010004792311286418730.xml
[ASSINANDO] 42260361327045000755550010004797421571890214.xml
Erro ao assinar XML: object of type 'cryptography.hazmat.bindings._rust.x509.Certificate' has no len()
[OK] 42260361327045000755550010004797421571890214.xml
[ASSINANDO] 42260361327045000755550010004800391246549893.xml
Erro ao assinar XML: object of type 'cryptography.hazmat.bindings._rust.x509.Certificate' has no len()
[OK] 42260361327045000755550010004800391246549893.xml
[ASSINANDO] 42260361327045000755550010004801881453395166.xml
Erro ao assinar XML: object of type 'cryptography.hazmat.bindings._rust.x509.Certificate' has no len()
[OK] 42260361327045000755550010004801881453395166.xml
[ASSINANDO] 42260361327045000755550010004803971164668147.xml
Erro ao assinar XML: object of type 'cryptography.hazmat.bindings._rust.x509.Certificate' has no len()
[OK] 42260361327045000755550010004803971164668147.xml
[ASSINANDO] 42260361327045000755550010004805401998124126.xml
Erro ao assinar XML: object of type 'cryptography.hazmat.bindings._rust.x509.Certificate' has no len()
[OK] 42260361327045000755550010004805401998124126.xml
[ASSINANDO] 42260361327045000755550010004805561445079283.xml
Erro ao assinar XML: object of type 'cryptography.hazmat.bindings._rust.x509.Certificate' has no len()
[OK] 42260361327045000755550010004805561445079283.xml
[ASSINANDO] 42260361327045000755550010004808741450464160.xml
Erro ao assinar XML: object of type 'cryptography.hazmat.bindings._rust.x509.Certificate' has no len()
[OK] 42260361327045000755550010004808741450464160.xml
[ASSINANDO] 42260361327045000755550010004808781531208740.xml
Erro ao assinar XML: object of type 'cryptography.hazmat.bindings._rust.x509.Certificate' has no len()
[OK] 42260361327045000755550010004808781531208740.xml
[ASSINANDO] 42260361327045000755550010004812591896833837.xml
Erro ao assinar XML: object of type 'cryptography.hazmat.bindings._rust.x509.Certificate' has no len()
[OK] 42260361327045000755550010004812591896833837.xml
[ASSINANDO] 42260361327045000755550010004812941212635433.xml
Erro ao assinar XML: object of type 'cryptography.hazmat.bindings._rust.x509.Certificate' has no len()
[OK] 42260361327045000755550010004812941212635433.xml
[ASSINANDO] 42260361327045000755550010004813571920324896.xml
Erro ao assinar XML: object of type 'cryptography.hazmat.bindings._rust.x509.Certificate' has no len()
[OK] 42260361327045000755550010004813571920324896.xml
[ASSINANDO] 42260361327045000755550010004818111677840926.xml
Erro ao assinar XML: object of type 'cryptography.hazmat.bindings._rust.x509.Certificate' has no len()
[OK] 42260361327045000755550010004818111677840926.xml
[ASSINANDO] 42260361327045000755550010004821001178510699.xml
Erro ao assinar XML: object of type 'cryptography.hazmat.bindings._rust.x509.Certificate' has no len()
[OK] 42260361327045000755550010004821001178510699.xml
[ASSINANDO] 42260361327045000755550010004824561488500120.xml
Erro ao assinar XML: object of type 'cryptography.hazmat.bindings._rust.x509.Certificate' has no len()
[OK] 42260361327045000755550010004824561488500120.xml
[ASSINANDO] 42260361327045000755550010004825331419858690.xml
Erro ao assinar XML: object of type 'cryptography.hazmat.bindings._rust.x509.Certificate' has no len()
[OK] 42260361327045000755550010004825331419858690.xml
[ASSINANDO] 42260361327045000755550010004826681500419112.xml
Erro ao assinar XML: object of type 'cryptography.hazmat.bindings._rust.x509.Certificate' has no len()
[OK] 42260361327045000755550010004826681500419112.xml
[ASSINANDO] 42260361327045000755550010004826901819363780.xml
Erro ao assinar XML: object of type 'cryptography.hazmat.bindings._rust.x509.Certificate' has no len()
[OK] 42260361327045000755550010004826901819363780.xml
[ASSINANDO] 42260361327045000755550010004831781292345690.xml
Erro ao assinar XML: object of type 'cryptography.hazmat.bindings._rust.x509.Certificate' has no len()
[OK] 42260361327045000755550010004831781292345690.xml
[ASSINANDO] 42260361327045000755550010004832331219698124.xml
Erro ao assinar XML: object of type 'cryptography.hazmat.bindings._rust.x509.Certificate' has no len()
[OK] 42260361327045000755550010004832331219698124.xml
[ASSINANDO] 42260361327045000755550010004835401541297109.xml
Erro ao assinar XML: object of type 'cryptography.hazmat.bindings._rust.x509.Certificate' has no len()
[OK] 42260361327045000755550010004835401541297109.xml
[ASSINANDO] 42260361327045000755550010004835671819942993.xml
Erro ao assinar XML: object of type 'cryptography.hazmat.bindings._rust.x509.Certificate' has no len()
[OK] 42260361327045000755550010004835671819942993.xml
[ASSINANDO] 42260361327045000755550010004837571732162699.xml
Erro ao assinar XML: object of type 'cryptography.hazmat.bindings._rust.x509.Certificate' has no len()
[OK] 42260361327045000755550010004837571732162699.xml
[ASSINANDO] 42260361327045000755550010004838581478707300.xml
Erro ao assinar XML: object of type 'cryptography.hazmat.bindings._rust.x509.Certificate' has no len()
[OK] 42260361327045000755550010004838581478707300.xml
[ASSINANDO] 42260361327045000755550010004844701586884583.xml
Erro ao assinar XML: object of type 'cryptography.hazmat.bindings._rust.x509.Certificate' has no len()
[OK] 42260361327045000755550010004844701586884583.xml
[ASSINANDO] 42260361327045000755550010004845481651825463.xml
Erro ao assinar XML: object of type 'cryptography.hazmat.bindings._rust.x509.Certificate' has no len()
[OK] 42260361327045000755550010004845481651825463.xml
[ASSINANDO] 42260361327045000755550010004848441196692843.xml
Erro ao assinar XML: object of type 'cryptography.hazmat.bindings._rust.x509.Certificate' has no len()
[OK] 42260361327045000755550010004848441196692843.xml
[ASSINANDO] 42260361327045000755550010004852991108347570.xml
Erro ao assinar XML: object of type 'cryptography.hazmat.bindings._rust.x509.Certificate' has no len()
[OK] 42260361327045000755550010004852991108347570.xml
[ASSINANDO] 42260361327045000755550010004857151889661571.xml
Erro ao assinar XML: object of type 'cryptography.hazmat.bindings._rust.x509.Certificate' has no len()
[OK] 42260361327045000755550010004857151889661571.xml
[ASSINANDO] 42260361327045000755550010004860821142842347.xml
Erro ao assinar XML: object of type 'cryptography.hazmat.bindings._rust.x509.Certificate' has no len()
[OK] 42260361327045000755550010004860821142842347.xml
[ASSINANDO] 42260361327045000755550010004860861782536271.xml
Erro ao assinar XML: object of type 'cryptography.hazmat.bindings._rust.x509.Certificate' has no len()
[OK] 42260361327045000755550010004860861782536271.xml
[ASSINANDO] 42260361327045000755550010004861101406179082.xml
Erro ao assinar XML: object of type 'cryptography.hazmat.bindings._rust.x509.Certificate' has no len()
[OK] 42260361327045000755550010004861101406179082.xml
[ASSINANDO] 42260361327045000755550010004861361194322800.xml
Erro ao assinar XML: object of type 'cryptography.hazmat.bindings._rust.x509.Certificate' has no len()
[OK] 42260361327045000755550010004861361194322800.xml
[ASSINANDO] 42260361327045000755550010004864771127852150.xml
Erro ao assinar XML: object of type 'cryptography.hazmat.bindings._rust.x509.Certificate' has no len()
[OK] 42260361327045000755550010004864771127852150.xml
[ASSINANDO] 42260378592532001124550010000180201012881420.xml
Erro ao assinar XML: object of type 'cryptography.hazmat.bindings._rust.x509.Certificate' has no len()
[OK] 42260378592532001124550010000180201012881420.xml
[ASSINANDO] 42260378592532001124550010000181111012948017.xml
Erro ao assinar XML: object of type 'cryptography.hazmat.bindings._rust.x509.Certificate' has no len()
[OK] 42260378592532001124550010000181111012948017.xml
[ASSINANDO] 42260378592532001124550010000181501012943579.xml
Erro ao assinar XML: object of type 'cryptography.hazmat.bindings._rust.x509.Certificate' has no len()
[OK] 42260378592532001124550010000181501012943579.xml
[ASSINANDO] 42260378592532001124550010000181831012934244.xml
Erro ao assinar XML: object of type 'cryptography.hazmat.bindings._rust.x509.Certificate' has no len()
[OK] 42260378592532001124550010000181831012934244.xml
[ASSINANDO] 42260380689839000380550010015988071828252818.xml
Erro ao assinar XML: object of type 'cryptography.hazmat.bindings._rust.x509.Certificate' has no len()
[OK] 42260380689839000380550010015988071828252818.xml
[ASSINANDO] 42260380689839000380550010016002201920856751.xml
Erro ao assinar XML: object of type 'cryptography.hazmat.bindings._rust.x509.Certificate' has no len()
[OK] 42260380689839000380550010016002201920856751.xml
[ASSINANDO] 42260380689839000380550010016058161059385969.xml
Erro ao assinar XML: object of type 'cryptography.hazmat.bindings._rust.x509.Certificate' has no len()
[OK] 42260380689839000380550010016058161059385969.xml
[ASSINANDO] 42260380689839000380550010016060411873900377.xml
Erro ao assinar XML: object of type 'cryptography.hazmat.bindings._rust.x509.Certificate' has no len()
[OK] 42260380689839000380550010016060411873900377.xml
[ASSINANDO] 42260384586205002053550000009610271186360968.xml
Erro ao assinar XML: object of type 'cryptography.hazmat.bindings._rust.x509.Certificate' has no len()
[OK] 42260384586205002053550000009610271186360968.xml
[ASSINANDO] 42260384586205002053550000009614811122992854.xml
Erro ao assinar XML: object of type 'cryptography.hazmat.bindings._rust.x509.Certificate' has no len()
[OK] 42260384586205002053550000009614811122992854.xml
[ASSINANDO] 42260384586205002053550000009622001616473667.xml
Erro ao assinar XML: object of type 'cryptography.hazmat.bindings._rust.x509.Certificate' has no len()
[OK] 42260384586205002053550000009622001616473667.xml
[ASSINANDO] 42260384586205002053550000009631781084484181.xml
Erro ao assinar XML: object of type 'cryptography.hazmat.bindings._rust.x509.Certificate' has no len()
[OK] 42260384586205002053550000009631781084484181.xml
[ASSINANDO] 42260384586205002053550000009666741314433364.xml
Erro ao assinar XML: object of type 'cryptography.hazmat.bindings._rust.x509.Certificate' has no len()
[OK] 42260384586205002053550000009666741314433364.xml
[ASSINANDO] 42260384586205002053550000009694611644896087.xml
Erro ao assinar XML: object of type 'cryptography.hazmat.bindings._rust.x509.Certificate' has no len()
[OK] 42260384586205002053550000009694611644896087.xml
[ASSINANDO] 42260384586205002053550000009700591307709292.xml
Erro ao assinar XML: object of type 'cryptography.hazmat.bindings._rust.x509.Certificate' has no len()
[OK] 42260384586205002053550000009700591307709292.xml
[ASSINANDO] 42260384586205002053550000009729651384436250.xml
Erro ao assinar XML: object of type 'cryptography.hazmat.bindings._rust.x509.Certificate' has no len()
[OK] 42260384586205002053550000009729651384436250.xml
[ASSINANDO] 42260384586205002053550000009739851961535357.xml
Erro ao assinar XML: object of type 'cryptography.hazmat.bindings._rust.x509.Certificate' has no len()
[OK] 42260384586205002053550000009739851961535357.xml
[ASSINANDO] 42260384586205002053550000009741281286562813.xml
Erro ao assinar XML: object of type 'cryptography.hazmat.bindings._rust.x509.Certificate' has no len()
[OK] 42260384586205002053550000009741281286562813.xml
[ASSINANDO] 42260384586205002053550000009761661907276050.xml
Erro ao assinar XML: object of type 'cryptography.hazmat.bindings._rust.x509.Certificate' has no len()
[OK] 42260384586205002053550000009761661907276050.xml
[ASSINANDO] 42260384586205002053550000009769181048523949.xml
Erro ao assinar XML: object of type 'cryptography.hazmat.bindings._rust.x509.Certificate' has no len()
[OK] 42260384586205002053550000009769181048523949.xml
[ASSINANDO] 42260384586205002053550000009777241181613610.xml
Erro ao assinar XML: object of type 'cryptography.hazmat.bindings._rust.x509.Certificate' has no len()
[OK] 42260384586205002053550000009777241181613610.xml
[ASSINANDO] 42260393978013000200550000002332621224982290.xml
Erro ao assinar XML: object of type 'cryptography.hazmat.bindings._rust.x509.Certificate' has no len()
[OK] 42260393978013000200550000002332621224982290.xml
[ASSINANDO] 42260393978013000200550000002337901504476710.xml
Erro ao assinar XML: object of type 'cryptography.hazmat.bindings._rust.x509.Certificate' has no len()
[OK] 42260393978013000200550000002337901504476710.xml
[ASSINANDO] 42260393978013000200550000002357851852553635.xml
Erro ao assinar XML: object of type 'cryptography.hazmat.bindings._rust.x509.Certificate' has no len()
[OK] 42260393978013000200550000002357851852553635.xml
[ASSINANDO] 42260393978013000200550000002362261531045747.xml
Erro ao assinar XML: object of type 'cryptography.hazmat.bindings._rust.x509.Certificate' has no len()
[OK] 42260393978013000200550000002362261531045747.xml
[ASSINANDO] 42260393978013000200550000002362271613225010.xml
Erro ao assinar XML: object of type 'cryptography.hazmat.bindings._rust.x509.Certificate' has no len()
[OK] 42260393978013000200550000002362271613225010.xml
[ASSINANDO] 42260393978013000200550000002363141273416378.xml
Erro ao assinar XML: object of type 'cryptography.hazmat.bindings._rust.x509.Certificate' has no len()
[OK] 42260393978013000200550000002363141273416378.xml
[ASSINANDO] 42264589406500016655001000001771000001771-procInuNFe.xml
Erro ao assinar XML: object of type 'cryptography.hazmat.bindings._rust.x509.Certificate' has no len()
[OK] 42264589406500016655001000001771000001771-procInuNFe.xml
[ASSINANDO] 43260215421787000485550010001048461067336812.xml
Erro ao assinar XML: object of type 'cryptography.hazmat.bindings._rust.x509.Certificate' has no len()
[OK] 43260215421787000485550010001048461067336812.xml
[ASSINANDO] 43260325630302000921550010009724071931260945.xml
Erro ao assinar XML: object of type 'cryptography.hazmat.bindings._rust.x509.Certificate' has no len()
[OK] 43260325630302000921550010009724071931260945.xml
[ASSINANDO] 43260393978013000110550010006208691301191410.xml
Erro ao assinar XML: object of type 'cryptography.hazmat.bindings._rust.x509.Certificate' has no len()
[OK] 43260393978013000110550010006208691301191410.xml
[ASSINANDO] 52260225630302001227550010012586461597163260.xml
Erro ao assinar XML: object of type 'cryptography.hazmat.bindings._rust.x509.Certificate' has no len()
[OK] 52260225630302001227550010012586461597163260.xml
[ASSINANDO] 52260225630302001227550010012600431417337364.xml
Erro ao assinar XML: object of type 'cryptography.hazmat.bindings._rust.x509.Certificate' has no len()
[OK] 52260225630302001227550010012600431417337364.xml
[ASSINANDO] 53260225630302000760550010006649801583228461.xml
Erro ao assinar XML: object of type 'cryptography.hazmat.bindings._rust.x509.Certificate' has no len()
[OK] 53260225630302000760550010006649801583228461.xml
python : Traceback (most recent call last):
No linha:1 caractere:537
+ ... ktop\ALL VS CODE\XMLS\XML CORRECT" ; python arrumador.py 2>&1 | Out-F ...
+                                          ~~~~~~~~~~~~~~~~~~~~~~~~
    + CategoryInfo          : NotSpecified: (Traceback (most recent call last) 
   ::String) [], RemoteException
    + FullyQualifiedErrorId : NativeCommandError
 
  File "C:\Users\artur.nascimento\Desktop\ALL VS CODE\XMLS\XML 
CORRECT\arrumador.py", line 276, in <module>
    print("\n" + "\u2550" * 60)
    ~~~~~^^^^^^^^^^^^^^^^^
  File "C:\Program Files\WindowsApps\PythonSoftwareFoundation.Python.3.13_3.13.
3568.0_x64__qbz5n2kfra8p0\Lib\encodings\cp1252.py", line 19, in encode
    return codecs.charmap_encode(input,self.errors,encoding_table)[0]
           ~~~~~~~~~~~~~~~~~~~~~^^^^^^^^^^^^^^^^^^^^^^^^^^^^^^^^^^
UnicodeEncodeError: 'charmap' codec can't encode characters in position 2-61: 
character maps to <undefined>
